path,sha256,class,family,direct_cpp_literals,interface_declarations,conditional_macros,coverage
indra/newview/app_settings/shaders/class1/avatar/avatarF.glsl,3fff248a9500da1d4140434b2e04c193bbb2634c82270567fc64b710089a65b3,class1,avatar,indra/newview/llviewershadermgr.cpp:3196,,,lexical global declarations; family contract in shader-contracts.md; permutation parity unmeasured
indra/newview/app_settings/shaders/class1/avatar/avatarSkinV.glsl,f7851860139e8a96d76f5189ff80e6903fb1ce4f33d6ddf577e40d3d1819f73b,class1,avatar,indra/llrender/llshadermgr.cpp:162;indra/newview/llviewershadermgr.cpp:799,in vec4 weight; | uniform vec4 matrixPalette[45];,IS_AMD_CARD,lexical global declarations; family contract in shader-contracts.md; permutation parity unmeasured
indra/newview/app_settings/shaders/class1/avatar/avatarV.glsl,0a18e0ec43473b8c8366ecf33774954398d0082803835f220e925a357b8f6a49,class1,avatar,indra/newview/llviewershadermgr.cpp:3195,uniform mat4 projection_matrix; | in vec3 position; | in vec3 normal; | in vec2 texcoord0; | out vec4 vertex_color; | out vec2 vary_texcoord0; | uniform vec4 color;,,lexical global declarations; family contract in shader-contracts.md; permutation parity unmeasured
indra/newview/app_settings/shaders/class1/avatar/eyeballF.glsl,d509ddf18ba89aa5d2e2ccf1b4f04906bfa12628e93c9991c73cdf053f18c78a,class1,avatar,indra/newview/llviewershadermgr.cpp:3219,,,lexical global declarations; family contract in shader-contracts.md; permutation parity unmeasured
indra/newview/app_settings/shaders/class1/avatar/eyeballV.glsl,26da3fed15bdf262f9931bc38824aeaa6f02196b39b7c44190b10586c176ce5a,class1,avatar,indra/newview/llviewershadermgr.cpp:3218,uniform mat3 normal_matrix; | uniform mat4 texture_matrix0; | uniform mat4 modelview_matrix; | uniform mat4 modelview_projection_matrix; | in vec3 position; | in vec4 diffuse_color; | in vec3 normal; | in vec2 texcoord0; | out vec4 vertex_color; | out vec2 vary_texcoord0;,,lexical global declarations; family contract in shader-contracts.md; permutation parity unmeasured
indra/newview/app_settings/shaders/class1/avatar/objectSkinV.glsl,1f94ed74dd2e0c6ae87e773319a4de82d0db034937e74bcdd4cb1881c51437c5,class1,avatar,indra/llrender/llshadermgr.cpp:171;indra/newview/llviewershadermgr.cpp:800,in vec4 weight4; | uniform mat3x4 matrixPalette[MAX_JOINTS_PER_MESH_OBJECT];,IS_AMD_CARD,lexical global declarations; family contract in shader-contracts.md; permutation parity unmeasured
indra/newview/app_settings/shaders/class1/deferred/CASF.glsl,d3377af5de23c2a7483f65065504fb51bb28acd088561db9b962c220e549938f,class1,deferred,indra/newview/llviewershadermgr.cpp:2783;indra/newview/llviewershadermgr.cpp:2801,out vec4 frag_color; | in vec2 vary_fragcoord; | uniform sampler2D diffuseRect; | uniform vec2 out_screen_res; | uniform uvec4 cas_param_0; | uniform uvec4 cas_param_1; | uniform float gamma;,1;A_BYTE;A_CPU;A_DUBL;A_GCC;A_GPU;A_HLSL_6_2;A_LONG;A_RESTRICT;A_SKIP_EXT;A_STATIC;A_WAVE;CAS_BETTER_DIAGONALS;CAS_DEBUG_CHECKER;CAS_GO_SLOWER;CAS_SLOW;LEGACY_GAMMA;SHADER_PORTABILITY;defined(A_GLSL) && defined(A_GPU);defined(A_HLSL) && defined(A_GPU),lexical global declarations; family contract in shader-contracts.md; permutation parity unmeasured
indra/newview/app_settings/shaders/class1/deferred/SMAA.glsl,5b623c77b5ba49922913500b7ca9e38084a6d40d4e45d9c742c47f45aa1e78c3,class1,deferred,indra/newview/llviewershadermgr.cpp:2697;indra/newview/llviewershadermgr.cpp:2698;indra/newview/llviewershadermgr.cpp:2723;indra/newview/llviewershadermgr.cpp:2724;indra/newview/llviewershadermgr.cpp:2749;indra/newview/llviewershadermgr.cpp:2750,uniform vec4 SMAA_RT_METRICS;,!defined(SMAA_DISABLE_CORNER_DETECTION);!defined(SMAA_DISABLE_DIAG_DETECTION);!defined(SMAA_HLSL_3) && !defined(SMAA_HLSL_4) && !defined(SMAA_HLSL_4_1) && !defined(SMAA_GLSL_2) && !defined(SMAA_GLSL_3) && !defined(SMAA_GLSL_4) && !defined(SMAA_CUSTOM_SL);SMAAGather;SMAALoad;SMAA_AREATEX_SELECT;SMAA_CORNER_ROUNDING;SMAA_DECODE_VELOCITY;SMAA_DEPTH_THRESHOLD;SMAA_FLIP_Y;SMAA_INCLUDE_PS;SMAA_INCLUDE_VS;SMAA_LOCAL_CONTRAST_ADAPTATION_FACTOR;SMAA_MAX_SEARCH_STEPS;SMAA_MAX_SEARCH_STEPS_DIAG;SMAA_PREDICATION;SMAA_PREDICATION_SCALE;SMAA_PREDICATION_STRENGTH;SMAA_PREDICATION_THRESHOLD;SMAA_REPROJECTION;SMAA_REPROJECTION_WEIGHT_SCALE;SMAA_SEARCHTEX_SELECT;SMAA_THRESHOLD;VERTEX_SHADER;defined(SMAA_GLSL_2);defined(SMAA_GLSL_2) || defined(SMAA_GLSL_3) || defined(SMAA_GLSL_4);defined(SMAA_GLSL_3) || defined(SMAA_GLSL_4);defined(SMAA_GLSL_4);defined(SMAA_HLSL_3);defined(SMAA_HLSL_4) || defined(SMAA_HLSL_4_1);defined(SMAA_HLSL_4_1);defined(SMAA_PRESET_HIGH);defined(SMAA_PRESET_LOW);defined(SMAA_PRESET_MEDIUM);defined(SMAA_PRESET_ULTRA),lexical global declarations; family contract in shader-contracts.md; permutation parity unmeasured
indra/newview/app_settings/shaders/class1/deferred/SMAABlendWeightsF.glsl,9c922deffd1c3de1ee700df5967d5cc4dfdad3aa8141aaa3a313f5ff7a1b094a,class1,deferred,indra/newview/llviewershadermgr.cpp:2721,out vec4 frag_color; | in vec2 vary_texcoord0; | in vec2 vary_pixcoord; | in vec4 vary_offset[3]; | uniform sampler2D edgesTex; | uniform sampler2D areaTex; | uniform sampler2D searchTex;,,lexical global declarations; family contract in shader-contracts.md; permutation parity unmeasured
indra/newview/app_settings/shaders/class1/deferred/SMAABlendWeightsV.glsl,e2810170a2ee2d2abeec5725ef4a1068ad7252abc8ff604a04bff4bcfa2f578b,class1,deferred,indra/newview/llviewershadermgr.cpp:2722,uniform mat4 modelview_projection_matrix; | in vec3 position; | out vec2 vary_texcoord0; | out vec2 vary_pixcoord; | out vec4 vary_offset[3];,,lexical global declarations; family contract in shader-contracts.md; permutation parity unmeasured
indra/newview/app_settings/shaders/class1/deferred/SMAAEdgeDetectF.glsl,75705164e44e81d23b5397d4abc96cbb1b0cb677270ac0322383c9a5779258d1,class1,deferred,indra/newview/llviewershadermgr.cpp:2695,out vec4 frag_color; | in vec2 vary_texcoord0; | in vec4 vary_offset[3]; | uniform sampler2D diffuseRect; | uniform sampler2D predicationTex;,SMAA_PREDICATION,lexical global declarations; family contract in shader-contracts.md; permutation parity unmeasured
indra/newview/app_settings/shaders/class1/deferred/SMAAEdgeDetectV.glsl,3b860e61e9ea7ffd8a24d86f7beda3d2a9dae0944b3b8f214b86e4486bb5ef44,class1,deferred,indra/newview/llviewershadermgr.cpp:2696,uniform mat4 modelview_projection_matrix; | in vec3 position; | out vec2 vary_texcoord0; | out vec4 vary_offset[3];,,lexical global declarations; family contract in shader-contracts.md; permutation parity unmeasured
indra/newview/app_settings/shaders/class1/deferred/SMAANeighborhoodBlendF.glsl,936e6308f56973e11a405ca063b5db18f35f0a75580d08ca351057404fedcdac,class1,deferred,indra/newview/llviewershadermgr.cpp:2747,out vec4 frag_color; | in vec2 vary_texcoord0; | in vec4 vary_offset; | uniform sampler2D diffuseRect; | uniform sampler2D blendTex; | uniform sampler2D velocityTex;,SMAA_REPROJECTION,lexical global declarations; family contract in shader-contracts.md; permutation parity unmeasured
indra/newview/app_settings/shaders/class1/deferred/SMAANeighborhoodBlendV.glsl,7c979abc5aa53e5bbac9050e3ea916c5aeed8b6187fc5cf2f208b048bf7d504b,class1,deferred,indra/newview/llviewershadermgr.cpp:2748,uniform mat4 modelview_projection_matrix; | in vec3 position; | out vec2 vary_texcoord0; | out vec4 vary_offset;,,lexical global declarations; family contract in shader-contracts.md; permutation parity unmeasured
indra/newview/app_settings/shaders/class1/deferred/alphaOITResolveF.glsl,66439d0a5fd6cc76d6398f292ec5bcc9a76f7edf2ed9bd0dcba05bb11f3bf71e,class1,deferred,indra/newview/llviewershadermgr.cpp:3056,"out vec4 frag_color; | layout(binding = 0, r32ui) uniform readonly uimage2D oit_head; | layout(std430, binding = 0) buffer OITNodePool { uint oit_nodes[]; }; | uniform sampler2D depthMap; | uniform int oit_max_pixel_layers;",,lexical global declarations; family contract in shader-contracts.md; permutation parity unmeasured
indra/newview/app_settings/shaders/class1/deferred/alphaV.glsl,d1441f3ec9e41e77d909144df33496272fea5d8b1187eb2aca3f77de73305c2a,class1,deferred,indra/newview/llviewershadermgr.cpp:1823;indra/newview/llviewershadermgr.cpp:1883;indra/newview/llviewershadermgr.cpp:2421,uniform mat3 normal_matrix; | uniform mat4 texture_matrix0; | uniform mat4 projection_matrix; | uniform mat4 modelview_matrix; | uniform mat4 modelview_projection_matrix; | in vec3 position; | in vec3 normal; | in vec4 diffuse_color; | in vec2 texcoord0; | out vec3 vary_fragcoord; | out vec3 vary_position; | out vec4 vertex_color; | out vec2 vary_texcoord0; | out vec3 vary_norm; | uniform float near_clip;,HAS_SKIN;IS_AVATAR_SKIN;USE_INDEXED_TEX;USE_VERTEX_COLOR,lexical global declarations; family contract in shader-contracts.md; permutation parity unmeasured
indra/newview/app_settings/shaders/class1/deferred/aoUtil.glsl,dcabe640b287ba8d6d11dc3ec385556b8a67b7c99ef96161348f85752e61ded5,class1,deferred,indra/llrender/llshadermgr.cpp:260;indra/newview/llviewershadermgr.cpp:902,uniform sampler2D noiseMap; | uniform sampler2D depthMap; | uniform float ssao_radius; | uniform float ssao_max_radius; | uniform float ssao_factor; | uniform float ssao_factor_inv; | uniform mat4 inv_proj; | uniform vec2 screen_res;,,lexical global declarations; family contract in shader-contracts.md; permutation parity unmeasured
indra/newview/app_settings/shaders/class1/deferred/avatarAlphaMaskShadowF.glsl,88620de21145523bced186f9df50f5704b4ecd534a0c01380cd1630059bf6366,class1,deferred,indra/newview/llviewershadermgr.cpp:2362,out vec4 frag_color; | uniform float minimum_alpha; | uniform sampler2D diffuseMap; | in float target_pos_x; | in float pos_w; | in vec2 vary_texcoord0;,,lexical global declarations; family contract in shader-contracts.md; permutation parity unmeasured
indra/newview/app_settings/shaders/class1/deferred/avatarAlphaShadowF.glsl,1b945262105056f48adbe953124c55b63d269be7dc4ac27d9cea76f498a40cf1,class1,deferred,indra/newview/llviewershadermgr.cpp:2351,out vec4 frag_color; | uniform float minimum_alpha; | uniform sampler2D diffuseMap; | in float pos_w; | in float target_pos_x; | in vec2 vary_texcoord0; | uniform vec4 color;,,lexical global declarations; family contract in shader-contracts.md; permutation parity unmeasured
indra/newview/app_settings/shaders/class1/deferred/avatarAlphaShadowV.glsl,184f9545ab83b72c94ade7904e93d71fdc5101e39f75cffd4e4a75423185ba12,class1,deferred,indra/newview/llviewershadermgr.cpp:2350;indra/newview/llviewershadermgr.cpp:2361,uniform mat4 texture_matrix0; | uniform mat4 projection_matrix; | uniform float shadow_target_width; | in vec3 position; | in vec3 normal; | in vec2 texcoord0; | out float pos_w; | out float target_pos_x; | out vec2 vary_texcoord0;,,lexical global declarations; family contract in shader-contracts.md; permutation parity unmeasured
indra/newview/app_settings/shaders/class1/deferred/avatarEyesV.glsl,287eb3de55c7156137543729572a08df01cc52d729e7af3dcac93ea04975a1d0,class1,deferred,indra/newview/llviewershadermgr.cpp:1929,uniform mat3 normal_matrix; | uniform mat4 texture_matrix0; | uniform mat4 modelview_projection_matrix; | uniform mat4 modelview_matrix; | in vec3 position; | in vec3 normal; | in vec4 diffuse_color; | in vec2 texcoord0; | out vec3 vary_normal; | out vec4 vertex_color; | out vec2 vary_texcoord0; | out vec3 vary_position;,,lexical global declarations; family contract in shader-contracts.md; permutation parity unmeasured
indra/newview/app_settings/shaders/class1/deferred/avatarF.glsl,992950614133a02420e833f91a6003622eb49dda8804411e886be0a723daac2c,class1,deferred,indra/newview/llviewershadermgr.cpp:2394,out vec4 frag_data[4]; | uniform sampler2D diffuseMap; | uniform float minimum_alpha; | in vec3 vary_normal; | in vec2 vary_texcoord0; | in vec3 vary_position;,defined(HAS_EMISSIVE),lexical global declarations; family contract in shader-contracts.md; permutation parity unmeasured
indra/newview/app_settings/shaders/class1/deferred/avatarShadowF.glsl,ffdd3ddd278e5ea4f869c876f84932bcd87911f4cf4d8f58f8c953a4918d4ab0,class1,deferred,indra/newview/llviewershadermgr.cpp:2339,out vec4 frag_color;,,lexical global declarations; family contract in shader-contracts.md; permutation parity unmeasured
indra/newview/app_settings/shaders/class1/deferred/avatarShadowV.glsl,692ca73fa8ff2c926488c2b834418278ae5f4b550fb85810bb604e7a015e5490,class1,deferred,indra/newview/llviewershadermgr.cpp:2338,uniform mat4 projection_matrix; | in vec3 position; | in vec3 normal; | in vec2 texcoord0;,,lexical global declarations; family contract in shader-contracts.md; permutation parity unmeasured
indra/newview/app_settings/shaders/class1/deferred/avatarV.glsl,4e9ead48083c5d242315252e74a0b5d2e4a3fd6759aecd0a66e7b66e0fb1495a,class1,deferred,indra/newview/llviewershadermgr.cpp:2393,uniform mat4 projection_matrix; | in vec3 position; | in vec3 normal; | in vec2 texcoord0; | in vec4 clothing; | in vec4 weight; | out vec3 vary_normal; | out vec2 vary_texcoord0; | out vec3 vary_position; | uniform vec4 gWindDir; | uniform vec4 gSinWaveParams; | uniform vec4 gGravity;,AVATAR_CLOTH,lexical global declarations; family contract in shader-contracts.md; permutation parity unmeasured
indra/newview/app_settings/shaders/class1/deferred/blurLightF.glsl,4856ba8d86f28011461ad7e33a0847f447f8581866205f133140eb9914b008c2,class1,deferred,indra/newview/llviewershadermgr.cpp:1776,out vec4 frag_color; | uniform sampler2D lightMap; | uniform float dist_factor; | uniform float blur_size; | uniform vec2 delta; | uniform vec2 screen_res; | uniform vec3 kern[4]; | uniform float kern_scale; | in vec2 vary_fragcoord;,IS_AMD_CARD,lexical global declarations; family contract in shader-contracts.md; permutation parity unmeasured
indra/newview/app_settings/shaders/class1/deferred/blurLightV.glsl,b73b4c97d49cca5c6b847ad85e7a5c237d426e4a20ea058abb4dc2e33c6b89db,class1,deferred,indra/newview/llviewershadermgr.cpp:1775,in vec3 position; | out vec2 vary_fragcoord; | uniform vec2 screen_res;,,lexical global declarations; family contract in shader-contracts.md; permutation parity unmeasured
indra/newview/app_settings/shaders/class1/deferred/bumpF.glsl,f3544acaec66376fc2c7c3eb7dec33d716f4ab52cdf29ad06832b8a2f94b548a,class1,deferred,indra/newview/llviewershadermgr.cpp:1288,out vec4 frag_data[4]; | uniform float minimum_alpha; | uniform sampler2D diffuseMap; | uniform sampler2D bumpMap; | in vec3 vary_mat0; | in vec3 vary_mat1; | in vec3 vary_mat2; | in vec4 vertex_color; | in vec2 vary_texcoord0; | in vec3 vary_position;,defined(HAS_EMISSIVE),lexical global declarations; family contract in shader-contracts.md; permutation parity unmeasured
indra/newview/app_settings/shaders/class1/deferred/bumpV.glsl,f5ddba692578113e5a249bc7976729d5119016b5da97340bfb5f1acf069c17b5,class1,deferred,indra/newview/llviewershadermgr.cpp:1287,uniform mat4 modelview_matrix; | uniform mat3 normal_matrix; | uniform mat4 texture_matrix0; | uniform mat4 modelview_projection_matrix; | in vec3 position; | in vec4 diffuse_color; | in vec3 normal; | in vec2 texcoord0; | in vec4 tangent; | out vec3 vary_mat0; | out vec3 vary_mat1; | out vec3 vary_mat2; | out vec4 vertex_color; | out vec2 vary_texcoord0; | out vec3 vary_position; | uniform mat4 projection_matrix;,HAS_SKIN,lexical global declarations; family contract in shader-contracts.md; permutation parity unmeasured
indra/newview/app_settings/shaders/class1/deferred/cloudsF.glsl,ad9ae56d8abf6c6e4efc18e95671976d21f4ecc81faac4a0c7a5ea9f95ec3650,class1,deferred,indra/newview/llviewershadermgr.cpp:2931,out vec4 frag_data[4]; | in vec3 vary_CloudColorSun; | in vec3 vary_CloudColorAmbient; | in float vary_CloudDensity; | uniform sampler2D cloud_noise_texture; | uniform sampler2D cloud_noise_texture_next; | uniform float blend_factor; | uniform vec3 cloud_pos_density1; | uniform vec3 cloud_pos_density2; | uniform float cloud_scale; | uniform float cloud_variance; | in vec2 vary_texcoord0; | in vec2 vary_texcoord1; | in vec2 vary_texcoord2; | in vec2 vary_texcoord3; | in float altitude_blend_factor;,defined(HAS_EMISSIVE),lexical global declarations; family contract in shader-contracts.md; permutation parity unmeasured
indra/newview/app_settings/shaders/class1/deferred/cloudsV.glsl,35355923341ec2ba78f8060384bf30b59c7b2a30fb54de536ab292cdbacd2c86,class1,deferred,indra/newview/llviewershadermgr.cpp:2930,uniform mat4 modelview_projection_matrix; | in vec3 position; | in vec2 texcoord0; | out vec3 vary_CloudColorSun; | out vec3 vary_CloudColorAmbient; | out float vary_CloudDensity; | out vec2 vary_texcoord0; | out vec2 vary_texcoord1; | out vec2 vary_texcoord2; | out vec2 vary_texcoord3; | out float altitude_blend_factor; | uniform vec3 camPosLocal; | uniform vec3 lightnorm; | uniform vec3 sunlight_color; | uniform vec3 moonlight_color; | uniform int sun_up_factor; | uniform vec3 ambient_color; | uniform vec3 blue_horizon; | uniform vec3 blue_density; | uniform float haze_horizon; | uniform float haze_density; | uniform float cloud_shadow; | uniform float density_multiplier; | uniform float max_y; | uniform vec3 glow; | uniform float sun_moon_glow_factor; | uniform vec3 cloud_color; | uniform float cloud_scale;,,lexical global declarations; family contract in shader-contracts.md; permutation parity unmeasured
indra/newview/app_settings/shaders/class1/deferred/cofF.glsl,02c3a04f88cd0713fda56b2a7fd824541b9a1ddf7355c2a407555637b1da36b3,class1,deferred,indra/newview/llviewershadermgr.cpp:2834,out vec4 frag_color; | uniform sampler2D diffuseRect; | uniform sampler2D depthMap; | uniform float depth_cutoff; | uniform float norm_cutoff; | uniform float focal_distance; | uniform float blur_constant; | uniform float tan_pixel_angle; | uniform float magnification; | uniform float max_cof; | uniform mat4 inv_proj; | uniform vec2 screen_res; | in vec2 vary_fragcoord;,,lexical global declarations; family contract in shader-contracts.md; permutation parity unmeasured
indra/newview/app_settings/shaders/class1/deferred/deferredUtil.glsl,aaa73a1743633b3278b2da371b68c17a0a642213c70dbd6398e87420ed14b712,class1,deferred,indra/llrender/llshadermgr.cpp:220;indra/newview/llviewershadermgr.cpp:898,uniform sampler2D normalMap; | uniform sampler2D depthMap; | uniform sampler2D projectionMap; | uniform sampler2D brdfLut; | uniform mat4 proj_mat; | uniform vec3 proj_n; | uniform vec3 proj_p; | uniform float proj_focus; | uniform float proj_lod ; | uniform float proj_range; | uniform float proj_ambiance; | uniform int classic_mode; | uniform vec3 color; | uniform float size; | uniform mat4 inv_proj; | uniform vec2 screen_res; | uniform vec4 waterPlane; | uniform float waterSign;,FXAA_GLSL_120,lexical global declarations; family contract in shader-contracts.md; permutation parity unmeasured
indra/newview/app_settings/shaders/class1/deferred/diffuseAlphaMaskF.glsl,6aff072fb79e946c534d5c03a7680c8e2136aff0bacb860260d9f05c4950688d,class1,deferred,indra/newview/llviewershadermgr.cpp:1264,out vec4 frag_data[4]; | uniform float minimum_alpha; | uniform sampler2D diffuseMap; | in vec3 vary_position; | in vec3 vary_normal; | in vec4 vertex_color; | in vec2 vary_texcoord0;,defined(HAS_EMISSIVE),lexical global declarations; family contract in shader-contracts.md; permutation parity unmeasured
indra/newview/app_settings/shaders/class1/deferred/diffuseAlphaMaskIndexedF.glsl,4b6007b305441816ff8649cfa7f2cbdc85ae3396f00c5b3ebcb737a381a30d29,class1,deferred,indra/newview/llviewershadermgr.cpp:1251,out vec4 frag_data[4]; | in vec3 vary_normal; | in vec3 vary_position; | uniform float minimum_alpha; | in vec4 vertex_color; | in vec2 vary_texcoord0;,defined(HAS_EMISSIVE),lexical global declarations; family contract in shader-contracts.md; permutation parity unmeasured
indra/newview/app_settings/shaders/class1/deferred/diffuseAlphaMaskNoColorF.glsl,a897a189109c2a9d93fbe891591d0fd604d126b98f0cf5d150ee06ec082370db,class1,deferred,indra/newview/llviewershadermgr.cpp:1276,out vec4 frag_data[4]; | uniform float minimum_alpha; | uniform sampler2D diffuseMap; | in vec3 vary_normal; | in vec2 vary_texcoord0;,defined(HAS_EMISSIVE),lexical global declarations; family contract in shader-contracts.md; permutation parity unmeasured
indra/newview/app_settings/shaders/class1/deferred/diffuseF.glsl,62ac4166901300e1b34274b7deb73ce70b25be34def6c9a6320990adccdcdcee,class1,deferred,indra/newview/llviewershadermgr.cpp:1930,out vec4 frag_data[4]; | uniform sampler2D diffuseMap; | in vec3 vary_normal; | in vec4 vertex_color; | in vec2 vary_texcoord0; | in vec3 vary_position;,defined(HAS_EMISSIVE),lexical global declarations; family contract in shader-contracts.md; permutation parity unmeasured
indra/newview/app_settings/shaders/class1/deferred/diffuseIndexedF.glsl,7cecd4c976feab349e386c664b464d7dac676a540dce7a30a95f386165cc57f8,class1,deferred,indra/newview/llviewershadermgr.cpp:1238,out vec4 frag_data[4]; | in vec3 vary_normal; | in vec4 vertex_color; | in vec2 vary_texcoord0; | in vec3 vary_position;,defined(HAS_EMISSIVE),lexical global declarations; family contract in shader-contracts.md; permutation parity unmeasured
indra/newview/app_settings/shaders/class1/deferred/diffuseNoColorV.glsl,234983c358b0e302a1c22fe5b030103d18a4fb049eeecfb8c4f9fad9c1b2280a,class1,deferred,indra/newview/llviewershadermgr.cpp:1275,uniform mat3 normal_matrix; | uniform mat4 texture_matrix0; | uniform mat4 modelview_projection_matrix; | in vec3 position; | in vec3 normal; | in vec2 texcoord0; | out vec3 vary_normal; | out vec2 vary_texcoord0;,,lexical global declarations; family contract in shader-contracts.md; permutation parity unmeasured
indra/newview/app_settings/shaders/class1/deferred/diffuseV.glsl,9f87409a08d992f32901bb65ab40faf6cafcdaae6f78074bb19eb75e7bb30afa,class1,deferred,indra/newview/llviewershadermgr.cpp:1237;indra/newview/llviewershadermgr.cpp:1250;indra/newview/llviewershadermgr.cpp:1263,uniform mat3 normal_matrix; | uniform mat4 texture_matrix0; | uniform mat4 modelview_projection_matrix; | in vec3 position; | in vec4 diffuse_color; | in vec3 normal; | in vec2 texcoord0; | out vec3 vary_normal; | out vec4 vertex_color; | out vec2 vary_texcoord0; | out vec3 vary_position; | uniform mat4 modelview_matrix; | uniform mat4 projection_matrix;,HAS_SKIN,lexical global declarations; family contract in shader-contracts.md; permutation parity unmeasured
indra/newview/app_settings/shaders/class1/deferred/dofCombineF.glsl,911def1f0e594ca9d0515d1ab21e2a27cf77d4f3db6c26d013b0410d86d5b6b1,class1,deferred,indra/newview/llviewershadermgr.cpp:2846,out vec4 frag_color; | uniform sampler2D diffuseRect; | uniform sampler2D lightMap; | uniform mat4 inv_proj; | uniform vec2 screen_res; | uniform float max_cof; | uniform float res_scale; | uniform float dof_width; | uniform float dof_height; | in vec2 vary_fragcoord;,,lexical global declarations; family contract in shader-contracts.md; permutation parity unmeasured
indra/newview/app_settings/shaders/class1/deferred/emissiveF.glsl,8dc75b39e8a42c2edda8a603542957a46a93ac085af6a406aeefd845ee2c8c26,class1,deferred,indra/newview/llviewershadermgr.cpp:2124,out vec4 frag_color; | in vec4 vertex_color; | in vec2 vary_texcoord0;,,lexical global declarations; family contract in shader-contracts.md; permutation parity unmeasured
indra/newview/app_settings/shaders/class1/deferred/emissiveV.glsl,cb4b27eb442db5995ab668af9edf9afb4cec521441740ba57c829262cae9bc6c,class1,deferred,indra/newview/llviewershadermgr.cpp:2123,uniform mat4 texture_matrix0; | uniform mat4 modelview_matrix; | uniform mat4 modelview_projection_matrix; | in vec3 position; | in vec4 emissive; | in vec2 texcoord0; | out vec4 vertex_color; | out vec2 vary_texcoord0; | uniform mat4 projection_matrix;,HAS_SKIN,lexical global declarations; family contract in shader-contracts.md; permutation parity unmeasured
indra/newview/app_settings/shaders/class1/deferred/exposureF.glsl,e7de75b0783c8e76db0caa0eb6be3bb926a3ff8ee20c79c29e841af6c53ea209,class1,deferred,indra/newview/llviewershadermgr.cpp:2452;indra/newview/llviewershadermgr.cpp:2466,out vec4 frag_color; | uniform sampler2D emissiveRect; | uniform sampler2D exposureMap; | uniform float dt; | uniform vec2 noiseVec; | uniform vec4 dynamic_exposure_params; | uniform vec4 dynamic_exposure_params2;,USE_LAST_EXPOSURE,lexical global declarations; family contract in shader-contracts.md; permutation parity unmeasured
indra/newview/app_settings/shaders/class1/deferred/fullbrightF.glsl,f1fa9477581a7c68478288096b86b3e870807849c34e92fb20377b35335cb4e0,class1,deferred,indra/newview/llviewershadermgr.cpp:1949;indra/newview/llviewershadermgr.cpp:1969;indra/newview/llviewershadermgr.cpp:1990;indra/newview/llviewershadermgr.cpp:2012;indra/newview/llviewershadermgr.cpp:2035;indra/newview/llviewershadermgr.cpp:2059,"out vec4 frag_color; | uniform sampler2D alpha_oit_opaque_depth; | uniform int oit_mode; | layout(binding = 0, r32ui) uniform coherent uimage2D oit_head; | layout(std430, binding = 0) buffer OITNodePool { uint oit_nodes[]; }; | layout(binding = 0, offset = 0) uniform atomic_uint oit_counter; | uniform int oit_node_cap; | uniform int alpha_peel_first; | uniform sampler2D diffuseMap; | in vec3 vary_position; | in vec4 vertex_color; | in vec2 vary_texcoord0; | uniform float minimum_alpha; | uniform vec4 waterPlane;",!defined(HAS_DIFFUSE_LOOKUP);HAS_ALPHA_MASK;HAS_DIFFUSE_LOOKUP;IS_ALPHA;IS_HUD;defined(IS_ALPHA) && (defined(ALPHA_OIT));defined(IS_ALPHA) && defined(ALPHA_DEPTH_PEEL);defined(IS_ALPHA) && defined(ALPHA_OIT),lexical global declarations; family contract in shader-contracts.md; permutation parity unmeasured
indra/newview/app_settings/shaders/class1/deferred/fullbrightShinyV.glsl,d3ffcbb1000f3ec40180e211168847681294b2c0f60fed1e2f813bcae3e97f02,class1,deferred,indra/newview/llviewershadermgr.cpp:2081;indra/newview/llviewershadermgr.cpp:2102,uniform mat3 normal_matrix; | uniform mat4 texture_matrix0; | uniform mat4 texture_matrix1; | uniform mat4 modelview_matrix; | uniform mat4 modelview_projection_matrix; | uniform vec4 origin; | in vec3 position; | in vec3 normal; | in vec4 diffuse_color; | in vec2 texcoord0; | out vec4 vertex_color; | out vec2 vary_texcoord0; | out vec3 vary_texcoord1; | out vec3 vary_position; | uniform mat4 projection_matrix;,HAS_SKIN,lexical global declarations; family contract in shader-contracts.md; permutation parity unmeasured
indra/newview/app_settings/shaders/class1/deferred/fullbrightV.glsl,964907eedc5bd456f5fccdbe8f52eb9201d901fbbfc8e8d75b82432914f0393b,class1,deferred,indra/newview/llviewershadermgr.cpp:1948;indra/newview/llviewershadermgr.cpp:1968;indra/newview/llviewershadermgr.cpp:1989;indra/newview/llviewershadermgr.cpp:2011;indra/newview/llviewershadermgr.cpp:2034;indra/newview/llviewershadermgr.cpp:2058,uniform mat4 texture_matrix0; | uniform mat4 modelview_matrix; | uniform mat4 modelview_projection_matrix; | in vec3 position; | in vec4 diffuse_color; | in vec2 texcoord0; | out vec3 vary_position; | out vec4 vertex_color; | out vec2 vary_texcoord0; | uniform mat4 projection_matrix;,HAS_SKIN,lexical global declarations; family contract in shader-contracts.md; permutation parity unmeasured
indra/newview/app_settings/shaders/class1/deferred/fxaaF.glsl,c196a225c9d75e1d7287c3fc31ee7fdc96fb87cd5dfd86c9e92c7ec6bd5b75b4,class1,deferred,indra/newview/llviewershadermgr.cpp:2628,out vec4 frag_color; | uniform sampler2D diffuseMap; | uniform sampler2D depthMap; | uniform vec2 rcp_screen_res; | uniform vec4 rcp_frame_opt; | uniform vec4 rcp_frame_opt2; | in vec2 vary_fragcoord; | in vec2 vary_tc;,(FXAA_360 == 1);(FXAA_DISCARD == 0);(FXAA_DISCARD == 1);(FXAA_FAST_PIXEL_OFFSET == 1);(FXAA_GATHER4_ALPHA == 0);(FXAA_GATHER4_ALPHA == 1);(FXAA_GLSL_120 == 1);(FXAA_GLSL_120 == 1) || (FXAA_GLSL_130 == 1) || (FXAA_GLSL_400 == 1);(FXAA_GLSL_130 == 1);(FXAA_GLSL_400 == 1);(FXAA_GREEN_AS_LUMA == 0);(FXAA_HLSL_3 == 1) || (FXAA_360 == 1) || (FXAA_PS3 == 1);(FXAA_HLSL_4 == 1);(FXAA_HLSL_5 == 1);(FXAA_PC == 1);(FXAA_PC_CONSOLE == 1);(FXAA_PS3 == 1) && (FXAA_EARLY_EXIT == 0);(FXAA_PS3 == 1) && (FXAA_EARLY_EXIT == 1);(FXAA_QUALITY__PRESET == 10);(FXAA_QUALITY__PRESET == 11);(FXAA_QUALITY__PRESET == 12);(FXAA_QUALITY__PRESET == 13);(FXAA_QUALITY__PRESET == 14);(FXAA_QUALITY__PRESET == 15);(FXAA_QUALITY__PRESET == 20);(FXAA_QUALITY__PRESET == 21);(FXAA_QUALITY__PRESET == 22);(FXAA_QUALITY__PRESET == 23);(FXAA_QUALITY__PRESET == 24);(FXAA_QUALITY__PRESET == 25);(FXAA_QUALITY__PRESET == 26);(FXAA_QUALITY__PRESET == 27);(FXAA_QUALITY__PRESET == 28);(FXAA_QUALITY__PRESET == 29);(FXAA_QUALITY__PRESET == 39);(FXAA_QUALITY__PS > 10);(FXAA_QUALITY__PS > 11);(FXAA_QUALITY__PS > 12);(FXAA_QUALITY__PS > 3);(FXAA_QUALITY__PS > 4);(FXAA_QUALITY__PS > 5);(FXAA_QUALITY__PS > 6);(FXAA_QUALITY__PS > 7);(FXAA_QUALITY__PS > 8);(FXAA_QUALITY__PS > 9);0;1;FXAA_360;FXAA_360_OPT;FXAA_CONSOLE__PS3_EDGE_SHARPNESS;FXAA_CONSOLE__PS3_EDGE_THRESHOLD;FXAA_DISCARD;FXAA_EARLY_EXIT;FXAA_FAST_PIXEL_OFFSET;FXAA_GATHER4_ALPHA;FXAA_GLSL_120;FXAA_GLSL_130;FXAA_GLSL_400;FXAA_GREEN_AS_LUMA;FXAA_HLSL_3;FXAA_HLSL_4;FXAA_HLSL_5;FXAA_PC;FXAA_PC_CONSOLE;FXAA_PS3;FXAA_QUALITY__PRESET;GL_ARB_gpu_shader5;GL_EXT_gpu_shader4;GL_NV_gpu_shader5,lexical global declarations; family contract in shader-contracts.md; permutation parity unmeasured
indra/newview/app_settings/shaders/class1/deferred/gbufferUtil.glsl,cda8c78e0f0a432252bbf8b5ba219db823e70234e7c7c5cb92623fd852aea610,class1,deferred,indra/llrender/llshadermgr.cpp:228;indra/newview/llviewershadermgr.cpp:899,uniform sampler2D diffuseRect; | uniform sampler2D specularRect; | uniform sampler2D emissiveRect;,defined(HAS_EMISSIVE),lexical global declarations; family contract in shader-contracts.md; permutation parity unmeasured
indra/newview/app_settings/shaders/class1/deferred/genbrdflutF.glsl,1376aeba21a7361fbba507bce5ce406fd32fe61fed09cd78266c0ae33b2647a1,class1,deferred,indra/newview/llviewershadermgr.cpp:3016,in vec2 vary_uv; | out vec4 outColor;,,lexical global declarations; family contract in shader-contracts.md; permutation parity unmeasured
indra/newview/app_settings/shaders/class1/deferred/genbrdflutV.glsl,4e6af2792eab1616ace47d4b4714748a7179a111bea76e4d77a1bd0cab481028,class1,deferred,indra/newview/llviewershadermgr.cpp:3015,uniform mat4 modelview_projection_matrix; | in vec3 position; | out vec2 vary_uv;,,lexical global declarations; family contract in shader-contracts.md; permutation parity unmeasured
indra/newview/app_settings/shaders/class1/deferred/globalF.glsl,dfc03734d858cda301919a8abb70ecd3f4646c6bd0e20611998a9c12cba13768,class1,deferred,indra/llrender/llshadermgr.cpp:188;indra/newview/llviewershadermgr.cpp:900,uniform float mirror_flag; | uniform vec4 clipPlane; | uniform float clipSign;,,lexical global declarations; family contract in shader-contracts.md; permutation parity unmeasured
indra/newview/app_settings/shaders/class1/deferred/highlightF.glsl,e6efaa922ab9a96093142d1e4bf587ef03fa45a0de8600adbe43a3906b036d6e,class1,deferred,indra/newview/llviewershadermgr.cpp:1226,out vec4 frag_data[4]; | uniform vec4 color; | uniform sampler2D diffuseMap; | in vec2 vary_texcoord0;,defined(HAS_EMISSIVE),lexical global declarations; family contract in shader-contracts.md; permutation parity unmeasured
indra/newview/app_settings/shaders/class1/deferred/impostorF.glsl,e6c75406dc1ffab97ece52c9328db1834b2412ee830f7c1f668550a2b9f7e882,class1,deferred,indra/newview/llviewershadermgr.cpp:1628,out vec4 frag_data[4]; | uniform float minimum_alpha; | uniform sampler2D diffuseMap; | uniform sampler2D normalMap; | uniform sampler2D specularMap; | in vec2 vary_texcoord0;,defined(HAS_EMISSIVE),lexical global declarations; family contract in shader-contracts.md; permutation parity unmeasured
indra/newview/app_settings/shaders/class1/deferred/impostorV.glsl,55fc2ea2d67e6d0b541b4e676ef56f56920828061b900f9ca30e325ec13aa498,class1,deferred,indra/newview/llviewershadermgr.cpp:1627,uniform mat4 texture_matrix0; | uniform mat4 modelview_projection_matrix; | in vec3 position; | in vec2 texcoord0; | out vec2 vary_texcoord0;,,lexical global declarations; family contract in shader-contracts.md; permutation parity unmeasured
indra/newview/app_settings/shaders/class1/deferred/luminanceF.glsl,e4fbe18753260cfff632e6d03f4e424ffaeee8a5908b07a627b9348f8dbbc32b,class1,deferred,indra/newview/llviewershadermgr.cpp:2478,out vec4 frag_color; | in vec2 vary_fragcoord; | uniform sampler2D diffuseRect; | uniform sampler2D emissiveRect; | uniform sampler2D normalMap; | uniform float diffuse_luminance_scale;,,lexical global declarations; family contract in shader-contracts.md; permutation parity unmeasured
indra/newview/app_settings/shaders/class1/deferred/materialF.glsl,ce08d349264921fd378652ce83f472d4682122bd32cdb3faa5919182343c9351,class1,deferred,indra/newview/llviewershadermgr.cpp:1325,out vec4 frag_color; | out vec4 frag_data[4];,(DIFFUSE_ALPHA_MODE == DIFFUSE_ALPHA_MODE_BLEND);defined(HAS_EMISSIVE),lexical global declarations; family contract in shader-contracts.md; permutation parity unmeasured
indra/newview/app_settings/shaders/class1/deferred/materialV.glsl,5e8eb1af324fb5141fb1bde17e11994c29ff9f1b7e21411bc749c635507dfcb0,class1,deferred,indra/newview/llviewershadermgr.cpp:1324,uniform mat4 modelview_matrix; | uniform mat4 projection_matrix; | uniform mat4 modelview_projection_matrix; | uniform mat3 normal_matrix; | out vec3 vary_position; | uniform mat4 texture_matrix0; | in vec3 position; | in vec4 diffuse_color; | in vec3 normal; | in vec2 texcoord0; | in vec4 tangent; | in vec2 texcoord1; | out vec3 vary_tangent; | flat out float vary_sign; | out vec3 vary_normal; | out vec2 vary_texcoord1; | out vec3 vary_normal; | in vec2 texcoord2; | out vec2 vary_texcoord2; | out vec4 vertex_color; | out vec2 vary_texcoord0;,!defined(HAS_SKIN);HAS_NORMAL_MAP;HAS_SKIN;HAS_SPECULAR_MAP,lexical global declarations; family contract in shader-contracts.md; permutation parity unmeasured
indra/newview/app_settings/shaders/class1/deferred/moonF.glsl,e83979cd5b6f1cda5262f3c9efbd3a8eb672c839bf3a0b67cfaf59daede277fa,class1,deferred,indra/newview/llviewershadermgr.cpp:2973,out vec4 frag_data[4]; | uniform vec4 color; | uniform vec3 moon_dir; | uniform float moon_brightness; | uniform sampler2D diffuseMap; | in vec2 vary_texcoord0;,defined(HAS_EMISSIVE),lexical global declarations; family contract in shader-contracts.md; permutation parity unmeasured
indra/newview/app_settings/shaders/class1/deferred/moonV.glsl,9a5ec1398c2158f6c9c38cc63c564c4fecab7b1df90d732f6bf8874009ba39bf,class1,deferred,indra/newview/llviewershadermgr.cpp:2972,uniform mat4 texture_matrix0; | uniform mat4 modelview_matrix; | uniform mat4 modelview_projection_matrix; | in vec3 position; | in vec2 texcoord0; | out vec2 vary_texcoord0;,,lexical global declarations; family contract in shader-contracts.md; permutation parity unmeasured
indra/newview/app_settings/shaders/class1/deferred/normgenF.glsl,9607eff333d0bab5dc61cff6165d98de5704c97d8645ae37b3fd9545190cb266,class1,deferred,indra/newview/llviewershadermgr.cpp:3005,out vec4 frag_color; | uniform sampler2D srcMap; | in vec2 vary_texcoord0; | uniform float stepX; | uniform float stepY; | uniform float norm_scale; | uniform int bump_code;,,lexical global declarations; family contract in shader-contracts.md; permutation parity unmeasured
indra/newview/app_settings/shaders/class1/deferred/normgenV.glsl,bf57cbc4deec9a11cf20d6c8209440a97bd175d62c53eb52e9deedef841e1ab0,class1,deferred,indra/newview/llviewershadermgr.cpp:3004,in vec3 position; | in vec2 texcoord0; | out vec2 vary_fragcoord; | out vec2 vary_texcoord0;,,lexical global declarations; family contract in shader-contracts.md; permutation parity unmeasured
indra/newview/app_settings/shaders/class1/deferred/pbrShadowAlphaBlendF.glsl,44c0eb1fcc94325ce643721807b474ec3496d3170de7dcfc6d08213c06debc94,class1,deferred,indra/newview/llviewershadermgr.cpp:2321,out vec4 frag_color; | uniform sampler2D diffuseMap; | in vec4 post_pos; | in float target_pos_x; | in vec4 vertex_color; | in vec2 vary_texcoord0; | uniform float minimum_alpha;,,lexical global declarations; family contract in shader-contracts.md; permutation parity unmeasured
indra/newview/app_settings/shaders/class1/deferred/pbrShadowAlphaMaskF.glsl,8430b4d2df9117f9a1c27dc13456a4d6d6b9ec5cba9ba584d45bcef629552f6b,class1,deferred,indra/newview/llviewershadermgr.cpp:2305,out vec4 frag_color; | uniform sampler2D diffuseMap; | in vec4 post_pos; | in float target_pos_x; | in vec4 vertex_color; | in vec2 vary_texcoord0; | uniform float minimum_alpha;,,lexical global declarations; family contract in shader-contracts.md; permutation parity unmeasured
indra/newview/app_settings/shaders/class1/deferred/pbrShadowAlphaMaskV.glsl,9a3242801c0bc8cb351d2ecb4e28a1fa63c9369e43f943a5d2df6e130907cfd4,class1,deferred,indra/newview/llviewershadermgr.cpp:2304;indra/newview/llviewershadermgr.cpp:2320,uniform mat4 texture_matrix0; | uniform mat4 modelview_matrix; | uniform mat4 projection_matrix; | uniform mat4 modelview_projection_matrix; | uniform vec4[2] texture_base_color_transform; | uniform float shadow_target_width; | in vec3 position; | in vec4 diffuse_color; | in vec2 texcoord0; | out vec4 post_pos; | out float target_pos_x; | out vec4 vertex_color; | out vec2 vary_texcoord0;,defined(HAS_SKIN),lexical global declarations; family contract in shader-contracts.md; permutation parity unmeasured
indra/newview/app_settings/shaders/class1/deferred/pbralphaF.glsl,47d3c90f4e59623259595d0416c224d3f5395a176205eb9d09335a29ff848257,class1,deferred,indra/newview/llviewershadermgr.cpp:1493;indra/newview/llviewershadermgr.cpp:1537,out vec4 frag_color;,,lexical global declarations; family contract in shader-contracts.md; permutation parity unmeasured
indra/newview/app_settings/shaders/class1/deferred/pbralphaV.glsl,c588976a62e195ac3b518b2a1fbb6e1de7819a66b1781915b68fd5b74a70247a,class1,deferred,indra/newview/llviewershadermgr.cpp:1492;indra/newview/llviewershadermgr.cpp:1536,uniform mat4 modelview_matrix; | uniform mat4 projection_matrix; | uniform mat3 normal_matrix; | uniform mat4 modelview_projection_matrix; | uniform mat4 texture_matrix0; | uniform mat4 modelview_matrix; | out vec3 vary_position; | uniform vec4[2] texture_base_color_transform; | uniform vec4[2] texture_normal_transform; | uniform vec4[2] texture_metallic_roughness_transform; | uniform vec4[2] texture_emissive_transform; | out vec3 vary_fragcoord; | in vec3 position; | in vec4 diffuse_color; | in vec3 normal; | in vec4 tangent; | in vec2 texcoord0; | out vec2 base_color_texcoord; | out vec2 normal_texcoord; | out vec2 metallic_roughness_texcoord; | out vec2 emissive_texcoord; | out vec4 vertex_color; | out vec3 vary_tangent; | flat out float vary_sign; | out vec3 vary_normal; | uniform mat4 modelview_projection_matrix; | uniform mat4 texture_matrix0; | uniform mat4 modelview_matrix; | out vec3 vary_position; | uniform vec4[2] texture_base_color_transform; | uniform vec4[2] texture_emissive_transform; | in vec3 position; | in vec4 diffuse_color; | in vec2 texcoord0; | out vec2 base_color_texcoord; | out vec2 emissive_texcoord; | out vec4 vertex_color;,!defined(HAS_SKIN);HAS_SKIN;IS_HUD,lexical global declarations; family contract in shader-contracts.md; permutation parity unmeasured
indra/newview/app_settings/shaders/class1/deferred/pbrglowF.glsl,7cf11c7d402759a4c042f65e0a442f4b1df515df2f2f85fcc900ba309a254f61,class1,deferred,indra/newview/llviewershadermgr.cpp:1444,uniform sampler2D diffuseMap; | uniform vec3 emissiveColor; | uniform sampler2D emissiveMap; | out vec4 frag_color; | in vec3 vary_position; | in vec4 vertex_emissive; | in vec2 base_color_texcoord; | in vec2 emissive_texcoord; | uniform float minimum_alpha;,,lexical global declarations; family contract in shader-contracts.md; permutation parity unmeasured
indra/newview/app_settings/shaders/class1/deferred/pbrglowV.glsl,60751aad006286f2e15f495f825bd9ca772e592b911755ee4bc5e6f5c43569e3,class1,deferred,indra/newview/llviewershadermgr.cpp:1443,uniform mat4 modelview_matrix; | uniform mat4 projection_matrix; | uniform mat4 modelview_projection_matrix; | uniform mat4 texture_matrix0; | uniform vec4[2] texture_base_color_transform; | uniform vec4[2] texture_emissive_transform; | in vec3 position; | in vec4 emissive; | in vec2 texcoord0; | out vec2 base_color_texcoord; | out vec2 emissive_texcoord; | out vec4 vertex_emissive;,HAS_SKIN,lexical global declarations; family contract in shader-contracts.md; permutation parity unmeasured
indra/newview/app_settings/shaders/class1/deferred/pbropaqueF.glsl,ee65b790ac5552f03b9bc77bc6d855ce676b040ee5316aef3e747d4b3c562d0d,class1,deferred,indra/newview/llviewershadermgr.cpp:1396;indra/newview/llviewershadermgr.cpp:1463,uniform sampler2D diffuseMap; | uniform float metallicFactor; | uniform float roughnessFactor; | uniform vec3 emissiveColor; | uniform sampler2D bumpMap; | uniform sampler2D emissiveMap; | uniform sampler2D specularMap; | out vec4 frag_data[4]; | in vec3 vary_position; | in vec4 vertex_color; | in vec3 vary_normal; | in vec3 vary_tangent; | flat in float vary_sign; | in vec2 base_color_texcoord; | in vec2 normal_texcoord; | in vec2 metallic_roughness_texcoord; | in vec2 emissive_texcoord; | uniform float minimum_alpha; | uniform vec4 clipPlane; | uniform float clipSign; | uniform mat3 normal_matrix; | uniform sampler2D diffuseMap; | uniform vec3 emissiveColor; | uniform sampler2D emissiveMap; | out vec4 frag_color; | in vec3 vary_position; | in vec4 vertex_color; | in vec2 base_color_texcoord; | in vec2 emissive_texcoord; | uniform float minimum_alpha;,IS_HUD;defined(HAS_EMISSIVE),lexical global declarations; family contract in shader-contracts.md; permutation parity unmeasured
indra/newview/app_settings/shaders/class1/deferred/pbropaqueV.glsl,2904d651f6043579b4ba9b9a07f3541462e280ea1e090ef24cc1931082f96be6,class1,deferred,indra/newview/llviewershadermgr.cpp:1395;indra/newview/llviewershadermgr.cpp:1462,uniform mat4 modelview_matrix; | uniform mat4 projection_matrix; | uniform mat3 normal_matrix; | uniform mat4 modelview_projection_matrix; | uniform mat4 texture_matrix0; | uniform vec4[2] texture_base_color_transform; | uniform vec4[2] texture_normal_transform; | uniform vec4[2] texture_metallic_roughness_transform; | uniform vec4[2] texture_emissive_transform; | in vec3 position; | in vec4 diffuse_color; | in vec3 normal; | in vec4 tangent; | in vec2 texcoord0; | out vec2 base_color_texcoord; | out vec2 normal_texcoord; | out vec2 metallic_roughness_texcoord; | out vec2 emissive_texcoord; | out vec4 vertex_color; | out vec3 vary_tangent; | flat out float vary_sign; | out vec3 vary_normal; | out vec3 vary_position; | uniform mat4 modelview_projection_matrix; | uniform mat4 texture_matrix0; | uniform vec4[2] texture_base_color_transform; | uniform vec4[2] texture_emissive_transform; | in vec3 position; | in vec4 diffuse_color; | in vec2 texcoord0; | out vec2 base_color_texcoord; | out vec2 emissive_texcoord; | out vec4 vertex_color;,HAS_SKIN;IS_HUD,lexical global declarations; family contract in shader-contracts.md; permutation parity unmeasured
indra/newview/app_settings/shaders/class1/deferred/pbrterrainF.glsl,ff5342c98ac8d6e8c5459392d56ce1c7b7170e4a4b0ffd5756ba3ceeac8f30fb,class1,deferred,indra/newview/llviewershadermgr.cpp:1572,out vec4 frag_data[4]; | uniform sampler2D alpha_ramp; | uniform sampler2D paint_map; | uniform sampler2D detail_0_base_color; | uniform sampler2D detail_1_base_color; | uniform sampler2D detail_2_base_color; | uniform sampler2D detail_3_base_color; | uniform sampler2D detail_0_normal; | uniform sampler2D detail_1_normal; | uniform sampler2D detail_2_normal; | uniform sampler2D detail_3_normal; | uniform sampler2D detail_0_metallic_roughness; | uniform sampler2D detail_1_metallic_roughness; | uniform sampler2D detail_2_metallic_roughness; | uniform sampler2D detail_3_metallic_roughness; | uniform sampler2D detail_0_emissive; | uniform sampler2D detail_1_emissive; | uniform sampler2D detail_2_emissive; | uniform sampler2D detail_3_emissive; | uniform vec4[4] baseColorFactors; | uniform vec4 metallicFactors; | uniform vec4 roughnessFactors; | uniform vec3[4] emissiveColors; | uniform vec4 minimum_alphas; | in vec3 vary_position; | in vec3 vary_normal; | in vec3 vary_tangents[4]; | flat in float vary_signs[4]; | in vec4 vary_texcoord0; | in vec4 vary_texcoord1; | in vec2 vary_texcoord; | in vec4[10] vary_coords; | in vec4[2] vary_coords;,(TERRAIN_PBR_DETAIL >= TERRAIN_PBR_DETAIL_EMISSIVE);(TERRAIN_PBR_DETAIL >= TERRAIN_PBR_DETAIL_METALLIC_ROUGHNESS);(TERRAIN_PBR_DETAIL >= TERRAIN_PBR_DETAIL_NORMAL);(TERRAIN_PBR_DETAIL >= TERRAIN_PBR_DETAIL_OCCLUSION);TERRAIN_PAINT_TYPE == TERRAIN_PAINT_TYPE_HEIGHTMAP_WITH_NOISE;TERRAIN_PAINT_TYPE == TERRAIN_PAINT_TYPE_PBR_PAINTMAP;TERRAIN_PLANAR_TEXTURE_SAMPLE_COUNT == 1;TERRAIN_PLANAR_TEXTURE_SAMPLE_COUNT == 3;defined(HAS_EMISSIVE),lexical global declarations; family contract in shader-contracts.md; permutation parity unmeasured
indra/newview/app_settings/shaders/class1/deferred/pbrterrainUtilF.glsl,dbad781c9b30a34da09ffe37e21b56ebed4c41053999dc7ecdb109ed6854cbb7,class1,deferred,indra/llrender/llshadermgr.cpp:288;indra/newview/llviewershadermgr.cpp:903,in vec3 vary_vertex_normal;,(TERRAIN_PBR_DETAIL >= TERRAIN_PBR_DETAIL_EMISSIVE);(TERRAIN_PBR_DETAIL >= TERRAIN_PBR_DETAIL_METALLIC_ROUGHNESS);(TERRAIN_PBR_DETAIL >= TERRAIN_PBR_DETAIL_NORMAL);(TERRAIN_PBR_DETAIL >= TERRAIN_PBR_DETAIL_OCCLUSION);TERRAIN_PLANAR_TEXTURE_SAMPLE_COUNT == 1;TERRAIN_PLANAR_TEXTURE_SAMPLE_COUNT == 3,lexical global declarations; family contract in shader-contracts.md; permutation parity unmeasured
indra/newview/app_settings/shaders/class1/deferred/pbrterrainV.glsl,f556c3549e6d09f54c0fc45c027416bc4b0c950254cc791e8384b453b986eeef,class1,deferred,indra/newview/llviewershadermgr.cpp:1571,uniform mat3 normal_matrix; | uniform mat4 texture_matrix0; | uniform mat4 modelview_matrix; | uniform mat4 modelview_projection_matrix; | uniform float region_scale; | in vec3 position; | in vec3 normal; | in vec4 tangent; | in vec4 diffuse_color; | in vec2 texcoord1; | out vec3 vary_position; | out vec3 vary_normal; | out vec3 vary_vertex_normal; | out vec3 vary_tangents[4]; | flat out float vary_signs[4]; | out vec4 vary_texcoord0; | out vec4 vary_texcoord1; | out vec2 vary_texcoord; | out vec4[10] vary_coords; | out vec4[2] vary_coords; | uniform vec4[5] terrain_texture_transforms;,(TERRAIN_PBR_DETAIL >= TERRAIN_PBR_DETAIL_NORMAL);TERRAIN_PAINT_TYPE == TERRAIN_PAINT_TYPE_HEIGHTMAP_WITH_NOISE;TERRAIN_PAINT_TYPE == TERRAIN_PAINT_TYPE_PBR_PAINTMAP;TERRAIN_PLANAR_TEXTURE_SAMPLE_COUNT == 1;TERRAIN_PLANAR_TEXTURE_SAMPLE_COUNT == 3,lexical global declarations; family contract in shader-contracts.md; permutation parity unmeasured
indra/newview/app_settings/shaders/class1/deferred/postDeferredF.glsl,e28fcabfefb78ed8d2793008d28feda8ed3f8ac71a06541d269ab2de054b52d3,class1,deferred,indra/newview/llviewershadermgr.cpp:2822,out vec4 frag_color; | uniform sampler2D diffuseRect; | uniform mat4 inv_proj; | uniform vec2 screen_res; | uniform float max_cof; | uniform float res_scale; | in vec2 vary_fragcoord;,,lexical global declarations; family contract in shader-contracts.md; permutation parity unmeasured
indra/newview/app_settings/shaders/class1/deferred/postDeferredGammaCorrect.glsl,c405aeaabe3a4bd71bfb965501a958f8f55d5691f8e29e811a6f0f477461d9b5,class1,deferred,indra/newview/llviewershadermgr.cpp:2492;indra/newview/llviewershadermgr.cpp:2507,out vec4 frag_color; | uniform sampler2D diffuseRect; | uniform float gamma; | uniform vec2 screen_res; | in vec2 vary_fragcoord;,LEGACY_GAMMA,lexical global declarations; family contract in shader-contracts.md; permutation parity unmeasured
indra/newview/app_settings/shaders/class1/deferred/postDeferredNoDoFF.glsl,6e12cf5aa4ef42b4c8087f0a25c3edfbff43c548fc31ba81e7aa9853ea41936c,class1,deferred,indra/newview/llviewershadermgr.cpp:2858;indra/newview/llviewershadermgr.cpp:2870,out vec4 frag_color; | uniform sampler2D diffuseRect; | uniform sampler2D depthMap; | uniform vec2 screen_res; | in vec2 vary_fragcoord;,HAS_NOISE,lexical global declarations; family contract in shader-contracts.md; permutation parity unmeasured
indra/newview/app_settings/shaders/class1/deferred/postDeferredNoTCV.glsl,9cf24ae97bb2d26bfc4bffe03ab7a2c3a6d519fd97ed5707884d66d2cf417a58,class1,deferred,indra/newview/llviewershadermgr.cpp:2451;indra/newview/llviewershadermgr.cpp:2465;indra/newview/llviewershadermgr.cpp:2477;indra/newview/llviewershadermgr.cpp:2491;indra/newview/llviewershadermgr.cpp:2506;indra/newview/llviewershadermgr.cpp:2521;indra/newview/llviewershadermgr.cpp:2537;indra/newview/llviewershadermgr.cpp:2553;indra/newview/llviewershadermgr.cpp:2570;indra/newview/llviewershadermgr.cpp:2587;indra/newview/llviewershadermgr.cpp:2605;indra/newview/llviewershadermgr.cpp:2782;indra/newview/llviewershadermgr.cpp:2800;indra/newview/llviewershadermgr.cpp:2821;indra/newview/llviewershadermgr.cpp:2833;indra/newview/llviewershadermgr.cpp:2845;indra/newview/llviewershadermgr.cpp:2857;indra/newview/llviewershadermgr.cpp:2869;indra/newview/llviewershadermgr.cpp:3035;indra/newview/llviewershadermgr.cpp:3055,in vec3 position; | out vec2 vary_fragcoord; | uniform vec2 screen_res;,,lexical global declarations; family contract in shader-contracts.md; permutation parity unmeasured
indra/newview/app_settings/shaders/class1/deferred/postDeferredTonemap.glsl,4c3ecc4d0cba0f89767ecc0817398e6360b2f4ed4dfb8dd3d566db978c3bbbee,class1,deferred,indra/newview/llviewershadermgr.cpp:2522;indra/newview/llviewershadermgr.cpp:2538;indra/newview/llviewershadermgr.cpp:2554;indra/newview/llviewershadermgr.cpp:2571;indra/newview/llviewershadermgr.cpp:2588;indra/newview/llviewershadermgr.cpp:2606,out vec4 frag_color; | uniform sampler2D diffuseRect; | in vec2 vary_fragcoord; | uniform float gamma;,GAMMA_CORRECT;LEGACY_GAMMA;NO_POST,lexical global declarations; family contract in shader-contracts.md; permutation parity unmeasured
indra/newview/app_settings/shaders/class1/deferred/postDeferredV.glsl,74f0428926441ecebb5b8fb8ef9dc64a23841fdf6aeefe9b2048b0398e547835,class1,deferred,indra/newview/llviewershadermgr.cpp:2627,in vec3 position; | out vec2 vary_fragcoord; | out vec2 vary_tc; | uniform vec2 tc_scale; | uniform vec2 screen_res;,,lexical global declarations; family contract in shader-contracts.md; permutation parity unmeasured
indra/newview/app_settings/shaders/class1/deferred/postDeferredVisualizeBuffers.glsl,7decce8479539dcaa15165d4bde0ce039b2130e5d1db3d523fc0ad2310c4954f,class1,deferred,indra/newview/llviewershadermgr.cpp:3036,out vec4 frag_color; | uniform sampler2D diffuseRect; | uniform float mipLevel; | in vec2 vary_fragcoord;,,lexical global declarations; family contract in shader-contracts.md; permutation parity unmeasured
indra/newview/app_settings/shaders/class1/deferred/rlvF.glsl,6581c33786a2fe6e6d0665a0bc51a82ccceca6ebcce338973013fbf8eeee599a,class1,deferred,indra/newview/llviewershadermgr.cpp:3071,out vec4 frag_color; | in vec2 vary_fragcoord; | uniform sampler2D diffuseRect; | uniform vec2 screen_res; | uniform int rlvEffectMode; | uniform vec4 rlvEffectParam1; | uniform vec4 rlvEffectParam2; | uniform bvec2 rlvEffectParam3; | uniform vec4 rlvEffectParam4; | uniform vec2 rlvEffectParam5;,,lexical global declarations; family contract in shader-contracts.md; permutation parity unmeasured
indra/newview/app_settings/shaders/class1/deferred/rlvV.glsl,4793f5be26e5195e314314eef6f828d9c55f3539181a03282b7535a8c8f27bbb,class1,deferred,indra/newview/llviewershadermgr.cpp:3070,in vec3 position; | out vec2 vary_fragcoord;,,lexical global declarations; family contract in shader-contracts.md; permutation parity unmeasured
indra/newview/app_settings/shaders/class1/deferred/screenSpaceReflUtil.glsl,fb73938f2411d2b49d02cf3cf3ad6d11d7badcf203aa9361d6aae73f15610f78,class1,deferred,indra/llrender/llshadermgr.cpp:236;indra/newview/llviewershadermgr.cpp:906,,,lexical global declarations; family contract in shader-contracts.md; permutation parity unmeasured
indra/newview/app_settings/shaders/class1/deferred/shadowAlphaMaskF.glsl,5e7700f1e56164d1dca11cb6a62e25a29047414c4ac0a82788cbcf9ea2091400,class1,deferred,indra/newview/llviewershadermgr.cpp:2271;indra/newview/llviewershadermgr.cpp:2292,out vec4 frag_color; | in vec4 post_pos; | in float target_pos_x; | in vec4 vertex_color; | in vec2 vary_texcoord0; | uniform float minimum_alpha;,!defined(IS_FULLBRIGHT),lexical global declarations; family contract in shader-contracts.md; permutation parity unmeasured
indra/newview/app_settings/shaders/class1/deferred/shadowAlphaMaskV.glsl,aeb0af003ff866b6e3c129b9c2f8dd8d68b0b49696048257a19e292c0c6c81f2,class1,deferred,indra/newview/llviewershadermgr.cpp:2270;indra/newview/llviewershadermgr.cpp:2291,uniform mat4 texture_matrix0; | uniform mat4 modelview_matrix; | uniform mat4 projection_matrix; | uniform mat4 modelview_projection_matrix; | uniform float shadow_target_width; | in vec3 position; | in vec4 diffuse_color; | in vec2 texcoord0; | out vec4 post_pos; | out float target_pos_x; | out vec4 vertex_color; | out vec2 vary_texcoord0;,defined(HAS_SKIN),lexical global declarations; family contract in shader-contracts.md; permutation parity unmeasured
indra/newview/app_settings/shaders/class1/deferred/shadowCubeV.glsl,7755c40f7e43c4e2b92b5777a2419d37c4148d09315b4c718466adecb5edc969,class1,deferred,indra/newview/llviewershadermgr.cpp:2256,uniform mat4 modelview_projection_matrix; | in vec3 position; | uniform vec3 box_center; | uniform vec3 box_size;,,lexical global declarations; family contract in shader-contracts.md; permutation parity unmeasured
indra/newview/app_settings/shaders/class1/deferred/shadowF.glsl,0847671b81c0315fd754e3fc9edf672f8364eecdcdb94ebd7ca0f99ee58a9193,class1,deferred,indra/newview/llviewershadermgr.cpp:2225;indra/newview/llviewershadermgr.cpp:2240;indra/newview/llviewershadermgr.cpp:2257,out vec4 frag_color;,,lexical global declarations; family contract in shader-contracts.md; permutation parity unmeasured
indra/newview/app_settings/shaders/class1/deferred/shadowSkinnedV.glsl,ca782959e7c6b887a47bffc22ecf0b07c2fbe46563c01385e55c6b4e7a527843,class1,deferred,indra/newview/llviewershadermgr.cpp:2239,uniform mat4 modelview_matrix; | uniform mat4 projection_matrix; | in vec3 position;,,lexical global declarations; family contract in shader-contracts.md; permutation parity unmeasured
indra/newview/app_settings/shaders/class1/deferred/shadowUtil.glsl,ce781eec3a6cafd424b880d9faf949f66283a6422bafc6243130472b6065ba7f,class1,deferred,indra/llrender/llshadermgr.cpp:244;indra/newview/llviewershadermgr.cpp:901,uniform sampler2D normalMap; | uniform sampler2DShadow shadowMap0; | uniform sampler2DShadow shadowMap1; | uniform sampler2DShadow shadowMap2; | uniform sampler2DShadow shadowMap3; | uniform sampler2DShadow shadowMap4; | uniform sampler2DShadow shadowMap5; | uniform vec3 sun_dir; | uniform vec3 moon_dir; | uniform vec2 shadow_res; | uniform vec2 proj_shadow_res; | uniform mat4 shadow_matrix[6]; | uniform vec4 shadow_clip; | uniform float shadow_bias; | uniform float shadow_offset; | uniform float spot_shadow_bias; | uniform float spot_shadow_offset; | uniform mat4 inv_proj; | uniform vec2 screen_res; | uniform int sun_up_factor;,defined(SPOT_SHADOW);defined(SUN_SHADOW),lexical global declarations; family contract in shader-contracts.md; permutation parity unmeasured
indra/newview/app_settings/shaders/class1/deferred/shadowV.glsl,bc4c10ab23cbcf7cd564e9a55190cfe0a320be9f241b5e7813175a7b2e66136d,class1,deferred,indra/newview/llviewershadermgr.cpp:2224,uniform mat4 modelview_projection_matrix; | in vec3 position;,,lexical global declarations; family contract in shader-contracts.md; permutation parity unmeasured
indra/newview/app_settings/shaders/class1/deferred/skyF.glsl,b314184e58d3dc12e750a67595337fd6e8ceb919394ac8b95b6b1f07e7e76878,class1,deferred,indra/newview/llviewershadermgr.cpp:2893;indra/newview/llviewershadermgr.cpp:2911,in vec3 vary_HazeColor; | in float vary_LightNormPosDot; | in vec4 vary_position; | in vec3 vary_rel_pos; | uniform float sky_hdr_scale; | uniform float hdri_split_screen; | uniform mat3 env_mat; | uniform sampler2D environmentMap; | uniform sampler2D rainbow_map; | uniform sampler2D halo_map; | uniform float moisture_level; | uniform float droplet_radius; | uniform float ice_level; | out vec4 frag_data[4];,HAS_HDRI;defined(HAS_EMISSIVE),lexical global declarations; family contract in shader-contracts.md; permutation parity unmeasured
indra/newview/app_settings/shaders/class1/deferred/skyV.glsl,aca388fcb948fc102fbaa53200904d25640ad79879d7ae2140f1380e7de00d5c,class1,deferred,indra/newview/llviewershadermgr.cpp:2892;indra/newview/llviewershadermgr.cpp:2910,uniform mat4 modelview_projection_matrix; | in vec3 position; | out vec3 vary_HazeColor; | out float vary_LightNormPosDot; | out vec4 vary_position; | out vec3 vary_rel_pos; | uniform vec3 camPosLocal; | uniform vec3 lightnorm; | uniform vec3 sunlight_color; | uniform vec3 moonlight_color; | uniform int sun_up_factor; | uniform vec3 ambient_color; | uniform vec3 blue_horizon; | uniform vec3 blue_density; | uniform float haze_horizon; | uniform float haze_density; | uniform float cloud_shadow; | uniform float density_multiplier; | uniform float distance_multiplier; | uniform float max_y; | uniform vec3 glow; | uniform float sun_moon_glow_factor; | uniform int cube_snapshot;,HAS_HDRI,lexical global declarations; family contract in shader-contracts.md; permutation parity unmeasured
indra/newview/app_settings/shaders/class1/deferred/starsF.glsl,396acf13dc5e177bf8b9994a154ed3454a1107bf0869711b4a4f8ace0cf935e7,class1,deferred,indra/newview/llviewershadermgr.cpp:2989,out vec4 frag_data[4]; | in vec4 vertex_color; | in vec2 vary_texcoord0; | in vec2 screenpos; | uniform sampler2D diffuseMap; | uniform float blend_factor; | uniform float custom_alpha; | uniform float time;,defined(HAS_EMISSIVE),lexical global declarations; family contract in shader-contracts.md; permutation parity unmeasured
indra/newview/app_settings/shaders/class1/deferred/starsV.glsl,2c038079ec622c1a4c33a1c3aac918db35358523712ce4536dde086666bf7ab2,class1,deferred,indra/newview/llviewershadermgr.cpp:2988,uniform mat4 texture_matrix0; | uniform mat4 modelview_projection_matrix; | uniform float time; | in vec3 position; | in vec4 diffuse_color; | in vec2 texcoord0; | out vec4 vertex_color; | out vec2 vary_texcoord0; | out vec2 screenpos;,,lexical global declarations; family contract in shader-contracts.md; permutation parity unmeasured
indra/newview/app_settings/shaders/class1/deferred/sunDiscF.glsl,d67f0c45c02da58951d6ffc7993f543019812339120f44b7eafff5df45d141d4,class1,deferred,indra/newview/llviewershadermgr.cpp:2952,out vec4 frag_data[4]; | uniform sampler2D diffuseMap; | uniform sampler2D altDiffuseMap; | uniform float blend_factor; | in vec2 vary_texcoord0; | in float sun_fade;,defined(HAS_EMISSIVE),lexical global declarations; family contract in shader-contracts.md; permutation parity unmeasured
indra/newview/app_settings/shaders/class1/deferred/sunDiscV.glsl,52e90d73fec8108d404ddd82e2d73ba91516a30cebdbf02490e322c7cd38307f,class1,deferred,indra/newview/llviewershadermgr.cpp:2951,uniform mat4 texture_matrix0; | uniform mat4 modelview_matrix; | uniform mat4 modelview_projection_matrix; | in vec3 position; | in vec2 texcoord0; | out vec2 vary_texcoord0; | out float sun_fade;,,lexical global declarations; family contract in shader-contracts.md; permutation parity unmeasured
indra/newview/app_settings/shaders/class1/deferred/terrainF.glsl,b8273228f12de674ebc594af93b72cca2afd0e6a648fe8551dd804f79aaad336,class1,deferred,indra/newview/llviewershadermgr.cpp:2379,out vec4 frag_data[4]; | uniform sampler2D detail_0; | uniform sampler2D detail_1; | uniform sampler2D detail_2; | uniform sampler2D detail_3; | uniform sampler2D alpha_ramp; | in vec3 pos; | in vec3 vary_normal; | in vec4 vary_texcoord0; | in vec4 vary_texcoord1;,defined(HAS_EMISSIVE),lexical global declarations; family contract in shader-contracts.md; permutation parity unmeasured
indra/newview/app_settings/shaders/class1/deferred/terrainV.glsl,20d408824a96cbc15654988f4ba8a7e523a8b0031f46dc30313583f2dde45005,class1,deferred,indra/newview/llviewershadermgr.cpp:2378,uniform mat3 normal_matrix; | uniform mat4 texture_matrix0; | uniform mat4 modelview_matrix; | uniform mat4 modelview_projection_matrix; | in vec3 position; | in vec3 normal; | in vec4 diffuse_color; | in vec2 texcoord1; | out vec3 pos; | out vec3 vary_normal; | out vec4 vary_texcoord0; | out vec4 vary_texcoord1; | uniform vec4 object_plane_s; | uniform vec4 object_plane_t;,,lexical global declarations; family contract in shader-contracts.md; permutation parity unmeasured
indra/newview/app_settings/shaders/class1/deferred/textureUtilV.glsl,0bb7b2ff004685ec38fc85a5894085285185eca620f82d773a4a98a2d3a0e810,class1,deferred,indra/llrender/llshadermgr.cpp:177;indra/newview/llviewershadermgr.cpp:801,,,lexical global declarations; family contract in shader-contracts.md; permutation parity unmeasured
indra/newview/app_settings/shaders/class1/deferred/tonemapUtilF.glsl,a9b6f41393301763547c1e607384da07eef4ae0c85980f864168268ced24797d,class1,deferred,indra/llrender/llshadermgr.cpp:296;indra/newview/llviewershadermgr.cpp:904,uniform sampler2D exposureMap; | uniform vec2 screen_res; | in vec2 vary_fragcoord; | uniform float exposure; | uniform float tonemap_mix; | uniform int tonemap_type;,NO_POST,lexical global declarations; family contract in shader-contracts.md; permutation parity unmeasured
indra/newview/app_settings/shaders/class1/deferred/treeF.glsl,976e2918ecd19418ecaea5edeba9fc33ebdccb5221f363c3d693ab5cbb89cdfa,class1,deferred,indra/newview/llviewershadermgr.cpp:1590,out vec4 frag_data[4]; | uniform sampler2D diffuseMap; | in vec4 vertex_color; | in vec3 vary_normal; | in vec2 vary_texcoord0; | in vec3 vary_position; | uniform float minimum_alpha;,defined(HAS_EMISSIVE),lexical global declarations; family contract in shader-contracts.md; permutation parity unmeasured
indra/newview/app_settings/shaders/class1/deferred/treeShadowF.glsl,6804242e8bb74b46bf67225ba93dae4c488e7df06625e9d02479773ebbf07c1b,class1,deferred,indra/newview/llviewershadermgr.cpp:1603;indra/newview/llviewershadermgr.cpp:1616,out vec4 frag_color; | uniform float minimum_alpha; | uniform sampler2D diffuseMap; | in vec2 vary_texcoord0;,,lexical global declarations; family contract in shader-contracts.md; permutation parity unmeasured
indra/newview/app_settings/shaders/class1/deferred/treeShadowSkinnedV.glsl,438df5df4b85e61bacd316011487d9c5cf45dbbce6e56a8cfc591ece8df575f6,class1,deferred,indra/newview/llviewershadermgr.cpp:1615,uniform mat4 texture_matrix0; | uniform mat4 modelview_matrix; | uniform mat4 projection_matrix; | in vec3 position; | in vec2 texcoord0; | out vec2 vary_texcoord0;,,lexical global declarations; family contract in shader-contracts.md; permutation parity unmeasured
indra/newview/app_settings/shaders/class1/deferred/treeShadowV.glsl,039de53ba07666667e204d42af7f72e7bb5b89e7fd303d4d694e658ee2fa402b,class1,deferred,indra/newview/llviewershadermgr.cpp:1602,uniform mat4 texture_matrix0; | uniform mat4 modelview_projection_matrix; | in vec3 position; | in vec2 texcoord0; | out vec2 vary_texcoord0;,,lexical global declarations; family contract in shader-contracts.md; permutation parity unmeasured
indra/newview/app_settings/shaders/class1/deferred/treeV.glsl,dbe77e5198bad093bc326b07ad86eccaceff9dce276dfc95e415a25f48b330fd,class1,deferred,indra/newview/llviewershadermgr.cpp:1589,uniform mat4 texture_matrix0; | uniform mat4 modelview_matrix; | uniform mat4 modelview_projection_matrix; | uniform mat3 normal_matrix; | in vec3 position; | in vec3 normal; | in vec2 texcoord0; | out vec3 vary_normal; | out vec4 vertex_color; | out vec2 vary_texcoord0; | out vec3 vary_position;,,lexical global declarations; family contract in shader-contracts.md; permutation parity unmeasured
indra/newview/app_settings/shaders/class1/effects/glowExtractF.glsl,eca93ab36142c803e930cbdb33ee93a0a661653f0c588735eb535f0280f5ed63,class1,effects,indra/newview/llviewershadermgr.cpp:1054,out vec4 frag_color; | uniform sampler2D diffuseMap; | uniform sampler2D glowNoiseMap; | uniform vec2 screen_res; | uniform float minLuminance; | uniform float maxExtractAlpha; | uniform vec3 lumWeights; | uniform vec3 warmthWeights; | uniform float warmthAmount; | in vec2 vary_texcoord0;,HAS_NOISE,lexical global declarations; family contract in shader-contracts.md; permutation parity unmeasured
indra/newview/app_settings/shaders/class1/effects/glowExtractV.glsl,9d736a442992e135b3707850a1e834194af3cd6d71594baff6f1783f2a8d929b,class1,effects,indra/newview/llviewershadermgr.cpp:1053,uniform mat4 modelview_projection_matrix; | in vec3 position; | out vec2 vary_texcoord0;,,lexical global declarations; family contract in shader-contracts.md; permutation parity unmeasured
indra/newview/app_settings/shaders/class1/effects/glowF.glsl,4ebf4be8e14324beba56d8ada58cbb8bdca32d8aeedbbcdf286e4c820115f9db,class1,effects,indra/newview/llviewershadermgr.cpp:1037,out vec4 frag_color; | uniform sampler2D diffuseMap; | uniform float glowStrength; | in vec4 vary_texcoord0; | in vec4 vary_texcoord1; | in vec4 vary_texcoord2; | in vec4 vary_texcoord3;,,lexical global declarations; family contract in shader-contracts.md; permutation parity unmeasured
indra/newview/app_settings/shaders/class1/effects/glowV.glsl,7443a9b1f1da9f211d20a401896310b5ce3c82e985af5981a8b908c5199c6236,class1,effects,indra/newview/llviewershadermgr.cpp:1036,uniform mat4 modelview_projection_matrix; | in vec3 position; | uniform vec2 glowDelta; | out vec4 vary_texcoord0; | out vec4 vary_texcoord1; | out vec4 vary_texcoord2; | out vec4 vary_texcoord3;,,lexical global declarations; family contract in shader-contracts.md; permutation parity unmeasured
indra/newview/app_settings/shaders/class1/environment/srgbF.glsl,f76a95c7c90182476bb50564c4d36f200f1eab88e6491f463ecdc2d0ce11fad8,class1,environment,indra/llrender/llshadermgr.cpp:145;indra/llrender/llshadermgr.cpp:195;indra/newview/llviewershadermgr.cpp:798;indra/newview/llviewershadermgr.cpp:897,,OLD_SELECT,lexical global declarations; family contract in shader-contracts.md; permutation parity unmeasured
indra/newview/app_settings/shaders/class1/environment/waterF.glsl,29562365dbdb5db7835e641b4e4e30aaa7efa2eb87a51aa094a3419c226bf9e7,class1,environment,indra/newview/llviewershadermgr.cpp:954,out vec4 frag_color;,,lexical global declarations; family contract in shader-contracts.md; permutation parity unmeasured
indra/newview/app_settings/shaders/class1/environment/waterFogF.glsl,6f87d9d5c47e25629fb933c9941ecaace91a6a5a937a061da29371b6eedf31e9,class1,environment,indra/llrender/llshadermgr.cpp:305;indra/newview/llviewershadermgr.cpp:896,uniform vec4 waterPlane; | uniform vec4 waterFogColor; | uniform float waterFogDensity; | uniform float waterFogKS;,,lexical global declarations; family contract in shader-contracts.md; permutation parity unmeasured
indra/newview/app_settings/shaders/class1/environment/waterV.glsl,f68c7ce3ec37369077f0ee8549365f8b4b463b7da56f2a4deace91b569207ec4,class1,environment,indra/newview/llviewershadermgr.cpp:953;indra/newview/llviewershadermgr.cpp:979,uniform mat4 modelview_matrix; | uniform mat3 normal_matrix; | uniform mat4 modelview_projection_matrix; | in vec3 position; | uniform vec2 waveDir1; | uniform vec2 waveDir2; | uniform float time; | uniform vec3 eyeVec; | uniform float waterHeight; | uniform vec3 lightDir; | out vec4 refCoord; | out vec4 littleWave; | out vec4 view; | out vec3 vary_position; | out vec3 vary_light_dir; | out vec3 vary_tangent; | out vec3 vary_normal; | out vec2 vary_fragcoord;,,lexical global declarations; family contract in shader-contracts.md; permutation parity unmeasured
indra/newview/app_settings/shaders/class1/gltf/pbrmetallicroughnessF.glsl,59f494ebb9e4e7a397eb2052d992c5548472327fef97cdb86bec2a6bdc69dd75,class1,gltf,indra/newview/llviewershadermgr.cpp:1419,uniform int gltf_material_id; | layout (std140) uniform GLTFMaterials { vec4 gltf_material_data[MAX_UBO_VEC4S]; }; | uniform sampler2D diffuseMap; | uniform sampler2D emissiveMap; | in vec3 vary_position; | in vec4 vertex_color; | in vec2 base_color_uv; | in vec2 emissive_uv; | uniform sampler2D normalMap; | uniform sampler2D metallicRoughnessMap; | uniform sampler2D occlusionMap; | in vec3 vary_normal; | in vec3 vary_tangent; | flat in float vary_sign; | in vec2 normal_uv; | in vec2 metallic_roughness_uv; | in vec2 occlusion_uv; | in vec3 vary_fragcoord; | uniform vec4 clipPlane; | uniform float clipSign; | uniform sampler2D lightMap; | uniform vec2 screen_res; | uniform vec4 light_position[8]; | uniform vec3 light_direction[8]; | uniform vec4 light_attenuation[8]; | uniform vec3 light_diffuse[8]; | uniform vec2 light_deferred_attenuation[8]; | uniform int sun_up_factor; | uniform vec3 sun_dir; | uniform vec3 moon_dir; | out vec4 frag_color; | out vec4 frag_data[4];,ALPHA_BLEND;HAS_SUN_SHADOW;UNLIT;defined(ALPHA_BLEND) && !defined(UNLIT);defined(ALPHA_BLEND) || defined(UNLIT),lexical global declarations; family contract in shader-contracts.md; permutation parity unmeasured
indra/newview/app_settings/shaders/class1/gltf/pbrmetallicroughnessV.glsl,2cecdc9d6c969e6c2db46bb6c3c0c3f45c8701302da1d99d31838b503b89c535,class1,gltf,indra/newview/llviewershadermgr.cpp:1418,uniform mat4 modelview_matrix; | uniform mat4 projection_matrix; | in vec2 texcoord1; | uniform int gltf_material_id; | layout (std140) uniform GLTFMaterials { vec4 gltf_material_data[MAX_UBO_VEC4S]; }; | in vec3 position; | in vec4 diffuse_color; | in vec2 texcoord0; | out vec2 base_color_uv; | out vec2 emissive_uv; | out vec4 vertex_color; | out vec3 vary_position; | in vec3 normal; | in vec4 tangent; | out vec2 normal_uv; | out vec2 metallic_roughness_uv; | out vec2 occlusion_uv; | out vec3 vary_tangent; | flat out float vary_sign; | out vec3 vary_normal; | out vec3 vary_fragcoord; | layout (std140) uniform GLTFJoints { vec4 gltf_joints[MAX_NODES_PER_GLTF_OBJECT]; }; | in uvec4 joint; | in vec4 weight4; | layout (std140) uniform GLTFNodes { vec4 gltf_nodes[MAX_NODES_PER_GLTF_OBJECT]; }; | uniform int gltf_node_id = 0;,ALPHA_BLEND;HAS_SKIN;MULTI_UV;UNLIT,lexical global declarations; family contract in shader-contracts.md; permutation parity unmeasured
indra/newview/app_settings/shaders/class1/interface/alphamaskF.glsl,7bee3764389e1d30fb8f6427f2a984078e940d5f6b1d4432f9aa2674cd3dd12d,class1,interface,indra/newview/llviewershadermgr.cpp:3558,out vec4 frag_color; | uniform sampler2D diffuseMap; | uniform float minimum_alpha; | in vec2 vary_texcoord0; | in vec4 vertex_color;,,lexical global declarations; family contract in shader-contracts.md; permutation parity unmeasured
indra/newview/app_settings/shaders/class1/interface/alphamaskV.glsl,c251258cfd013dc0fda90a2c50e87407cae156862fa3761036052ec8b88d5407,class1,interface,indra/newview/llviewershadermgr.cpp:3557,uniform mat4 texture_matrix0; | uniform mat4 modelview_projection_matrix; | in vec3 position; | in vec4 diffuse_color; | in vec2 texcoord0; | out vec4 vertex_color; | out vec2 vary_texcoord0;,,lexical global declarations; family contract in shader-contracts.md; permutation parity unmeasured
indra/newview/app_settings/shaders/class1/interface/benchmarkF.glsl,542989c4c4fa3373bd4b27238854d204dc3e57f8c2f2055eeee89228cb9527f2,class1,interface,indra/newview/llglsandbox.cpp:1061;indra/newview/llviewershadermgr.cpp:3470,out vec4 frag_color; | uniform sampler2D diffuseMap; | in vec2 tc0;,,lexical global declarations; family contract in shader-contracts.md; permutation parity unmeasured
indra/newview/app_settings/shaders/class1/interface/benchmarkV.glsl,ed21cb91456fa45e6adc5e53240160abc7dca0bf9eaf2e927999251c01b27632,class1,interface,indra/newview/llglsandbox.cpp:1060;indra/newview/llviewershadermgr.cpp:3469,uniform mat4 modelview_projection_matrix; | in vec3 position; | out vec2 tc0;,,lexical global declarations; family contract in shader-contracts.md; permutation parity unmeasured
indra/newview/app_settings/shaders/class1/interface/clipF.glsl,415aed7731c0765468f931ee118225a12749bf33a281c0b34817e425c0afb015,class1,interface,indra/newview/llviewershadermgr.cpp:3460,out vec4 frag_color; | uniform vec4 color; | uniform vec4 clip_plane; | in vec3 vary_position;,,lexical global declarations; family contract in shader-contracts.md; permutation parity unmeasured
indra/newview/app_settings/shaders/class1/interface/clipV.glsl,b04e007fd34bdebcaadc12d7def661978ba77cdd582cd7c79ca4f923a7032469,class1,interface,indra/newview/llviewershadermgr.cpp:3459,uniform mat4 modelview_projection_matrix; | uniform mat4 modelview_matrix; | in vec3 position; | out vec3 vary_position;,,lexical global declarations; family contract in shader-contracts.md; permutation parity unmeasured
indra/newview/app_settings/shaders/class1/interface/copyF.glsl,ba4712d30a315892cddd158d8b0508740fcc690f91cf11af21a0a9aeca764098,class1,interface,indra/newview/llviewershadermgr.cpp:3496;indra/newview/llviewershadermgr.cpp:3506,in vec2 tc; | uniform sampler2D depthMap; | uniform sampler2D diffuseMap; | out vec4 frag_color;,defined(COPY_DEPTH),lexical global declarations; family contract in shader-contracts.md; permutation parity unmeasured
indra/newview/app_settings/shaders/class1/interface/copyV.glsl,ec0ec13f4739a86325ced46ffff02c9031760027e48cd9a04b49c36416d6d8c2,class1,interface,indra/newview/llviewershadermgr.cpp:3495;indra/newview/llviewershadermgr.cpp:3505,in vec3 position; | out vec2 tc;,,lexical global declarations; family contract in shader-contracts.md; permutation parity unmeasured
indra/newview/app_settings/shaders/class1/interface/debugF.glsl,d3519ee8f12dfc85f9fc868d554fa9e88ef93519c455856ee89f17d82e9da80b,class1,interface,indra/newview/llviewershadermgr.cpp:3421,out vec4 frag_color; | uniform vec4 color;,,lexical global declarations; family contract in shader-contracts.md; permutation parity unmeasured
indra/newview/app_settings/shaders/class1/interface/debugV.glsl,37420d08f507e7b348acf2c1b974652d3b6f52527ac47554023a770e187757b7,class1,interface,indra/newview/llviewershadermgr.cpp:3420,uniform mat4 modelview_projection_matrix; | in vec3 position; | uniform mat4 projection_matrix; | uniform mat4 modelview_matrix;,HAS_SKIN,lexical global declarations; family contract in shader-contracts.md; permutation parity unmeasured
indra/newview/app_settings/shaders/class1/interface/gaussianF.glsl,dd8cd5b1ca57f88559db0d7ec588bf11b6f853e872247ff0f576612771e1bae5,class1,interface,indra/newview/llviewershadermgr.cpp:3586,out vec4 frag_color; | uniform sampler2D diffuseRect; | uniform float resScale; | uniform vec2 direction; | in vec2 vary_texcoord0;,,lexical global declarations; family contract in shader-contracts.md; permutation parity unmeasured
indra/newview/app_settings/shaders/class1/interface/glowcombineF.glsl,f73fcce8bf889e8b9d136e0b693fe66a191b5b05b85f5a8c01ddd0e209e4e09a,class1,interface,indra/newview/llviewershadermgr.cpp:3305,out vec4 frag_color; | uniform sampler2D diffuseRect; | uniform sampler2D emissiveRect; | in vec2 tc;,,lexical global declarations; family contract in shader-contracts.md; permutation parity unmeasured
indra/newview/app_settings/shaders/class1/interface/glowcombineFXAAF.glsl,bae98b97fdeceb92df7d4c7b5bbd55585825bc31e88a854c947b05321c17b39a,class1,interface,indra/newview/llviewershadermgr.cpp:3322,out vec4 frag_color; | uniform sampler2D diffuseRect; | uniform vec2 screen_res; | in vec2 vary_tc;,,lexical global declarations; family contract in shader-contracts.md; permutation parity unmeasured
indra/newview/app_settings/shaders/class1/interface/glowcombineFXAAV.glsl,25061bc51b0029004505bdea413eeaa05d4aca6a943e6fb3f384447ec7f29fd7,class1,interface,indra/newview/llviewershadermgr.cpp:3321,in vec3 position; | out vec2 vary_tc;,,lexical global declarations; family contract in shader-contracts.md; permutation parity unmeasured
indra/newview/app_settings/shaders/class1/interface/glowcombineV.glsl,4b8c1226872d007bc8f731472ca2f008c3f9d3d998a38610aadfcfdfe4252a97,class1,interface,indra/newview/llviewershadermgr.cpp:3304,uniform mat4 modelview_projection_matrix; | in vec3 position; | out vec2 tc;,,lexical global declarations; family contract in shader-contracts.md; permutation parity unmeasured
indra/newview/app_settings/shaders/class1/interface/highlightF.glsl,cf515b605211d3023db09566982424e8270a06f2a07f0525d5ba298c76e27ab6,class1,interface,indra/newview/llviewershadermgr.cpp:3244;indra/newview/llviewershadermgr.cpp:3255;indra/newview/llviewershadermgr.cpp:3265,out vec4 frag_color; | uniform vec4 color; | uniform sampler2D diffuseMap; | in vec2 vary_texcoord0;,,lexical global declarations; family contract in shader-contracts.md; permutation parity unmeasured
indra/newview/app_settings/shaders/class1/interface/highlightNormV.glsl,6a8324db68841b673ce9fb041a6064c4f77738716c30a2c74dc4dfeab81d0ce3,class1,interface,indra/newview/llviewershadermgr.cpp:3254,uniform mat4 texture_matrix0; | uniform mat4 modelview_projection_matrix; | in vec3 position; | in vec2 texcoord0; | in vec2 texcoord1; | in vec2 texcoord2; | out vec2 vary_texcoord0;,,lexical global declarations; family contract in shader-contracts.md; permutation parity unmeasured
indra/newview/app_settings/shaders/class1/interface/highlightSpecV.glsl,08e5940f7dec27d299fdd6f1c09d01b5f60ebe69c76a51ee111e4780a1939b63,class1,interface,indra/newview/llviewershadermgr.cpp:3264,uniform mat4 texture_matrix0; | uniform mat4 modelview_projection_matrix; | in vec3 position; | in vec2 texcoord0; | in vec2 texcoord1; | in vec2 texcoord2; | out vec2 vary_texcoord0;,,lexical global declarations; family contract in shader-contracts.md; permutation parity unmeasured
indra/newview/app_settings/shaders/class1/interface/highlightV.glsl,deb7d8b26820de49132a3b5d57de4ffa754d5da15b2593125d7b52bd9231b175,class1,interface,indra/newview/llviewershadermgr.cpp:1225;indra/newview/llviewershadermgr.cpp:3243,uniform mat4 texture_matrix0; | uniform mat4 modelview_projection_matrix; | in vec3 position; | in vec2 texcoord0; | out vec2 vary_texcoord0; | uniform mat4 projection_matrix; | uniform mat4 modelview_matrix;,HAS_SKIN,lexical global declarations; family contract in shader-contracts.md; permutation parity unmeasured
indra/newview/app_settings/shaders/class1/interface/irradianceGenV.glsl,eb10a55723d75961745f6ec3087a675d61b785d66a099152cabf07857e0a6a0b,class1,interface,indra/newview/llviewershadermgr.cpp:3618,uniform mat4 modelview_matrix; | in vec3 position; | out vec3 vary_dir;,,lexical global declarations; family contract in shader-contracts.md; permutation parity unmeasured
indra/newview/app_settings/shaders/class1/interface/normaldebugF.glsl,210fdb35e0855e138bcca25f052ad88eca65d5ce43d82e113bf26f6552dee067,class1,interface,indra/newview/llviewershadermgr.cpp:3443,out vec4 frag_color; | in vec4 vertex_color;,,lexical global declarations; family contract in shader-contracts.md; permutation parity unmeasured
indra/newview/app_settings/shaders/class1/interface/normaldebugG.glsl,4c1c9f79d7decae794ec4f39f6fe933f0cc247b95def399b9d1c81fdeb0f895d,class1,interface,indra/newview/llviewershadermgr.cpp:3442,"out vec4 vertex_color; | in vec4 normal_g[]; | in vec4 tangent_g[]; | layout(triangles) in; | layout(line_strip, max_vertices = 12) out; | layout(line_strip, max_vertices = 6) out;",HAS_ATTRIBUTE_TANGENT,lexical global declarations; family contract in shader-contracts.md; permutation parity unmeasured
indra/newview/app_settings/shaders/class1/interface/normaldebugV.glsl,184ca52833be409e76a9193545a2bd0a00aeb0ecbf77ddd86415957f923559aa,class1,interface,indra/newview/llviewershadermgr.cpp:3436,in vec3 position; | in vec3 normal; | out vec4 normal_g; | in vec4 tangent; | out vec4 tangent_g; | uniform float debug_normal_draw_length; | uniform mat3 normal_matrix; | uniform mat4 projection_matrix; | uniform mat4 modelview_matrix;,HAS_ATTRIBUTE_TANGENT;HAS_SKIN,lexical global declarations; family contract in shader-contracts.md; permutation parity unmeasured
indra/newview/app_settings/shaders/class1/interface/occlusionCubeV.glsl,625c70d449c87564c08e0dc954ed5936a90028d77718622fe406b362650e7190,class1,interface,indra/newview/llviewershadermgr.cpp:3410,uniform mat4 modelview_projection_matrix; | in vec3 position; | uniform vec3 box_center; | uniform vec3 box_size;,,lexical global declarations; family contract in shader-contracts.md; permutation parity unmeasured
indra/newview/app_settings/shaders/class1/interface/occlusionF.glsl,c8932d623e1001030e5b099fb06068055a7acfc621a15654a40dfcb87255d994,class1,interface,indra/newview/llviewershadermgr.cpp:3389;indra/newview/llviewershadermgr.cpp:3401;indra/newview/llviewershadermgr.cpp:3411,out vec4 frag_data[4];,defined(HAS_EMISSIVE),lexical global declarations; family contract in shader-contracts.md; permutation parity unmeasured
indra/newview/app_settings/shaders/class1/interface/occlusionSkinnedV.glsl,597b93bd01b9bfd542754795f937ef6ec5f222aca4ea9952734822d6493a7923,class1,interface,indra/newview/llviewershadermgr.cpp:3400,uniform mat4 projection_matrix; | uniform mat4 modelview_matrix; | in vec3 position;,,lexical global declarations; family contract in shader-contracts.md; permutation parity unmeasured
indra/newview/app_settings/shaders/class1/interface/occlusionV.glsl,63d02007a647ab8a37575408b8182ad1c15ec5f8b884a4602fd483407e04d074,class1,interface,indra/newview/llviewershadermgr.cpp:3388,uniform mat4 modelview_projection_matrix; | in vec3 position;,,lexical global declarations; family contract in shader-contracts.md; permutation parity unmeasured
indra/newview/app_settings/shaders/class1/interface/onetexturefilterF.glsl,d735fc62ee472d645d8616dedc760c96ddd000381988b06d433cc8203b1b1094,class1,interface,indra/newview/llviewershadermgr.cpp:3357,out vec4 frag_color; | uniform sampler2D tex0; | uniform float tolerance; | in vec2 vary_texcoord0;,,lexical global declarations; family contract in shader-contracts.md; permutation parity unmeasured
indra/newview/app_settings/shaders/class1/interface/onetexturefilterV.glsl,d6c4adfefe2e6a6e3c7bbe35a8b9650e562b8b4814c2e7ec33db3d6072fc5aa4,class1,interface,indra/newview/llviewershadermgr.cpp:3356,uniform mat4 modelview_projection_matrix; | in vec3 position; | in vec2 texcoord0; | out vec2 vary_texcoord0;,,lexical global declarations; family contract in shader-contracts.md; permutation parity unmeasured
indra/newview/app_settings/shaders/class1/interface/pathfindingF.glsl,7688b91c7a721b8f5d417a5a93e8d0be4d4cc0dddf78fa8a486983e36b438e64,class1,interface,indra/newview/llviewershadermgr.cpp:3285;indra/newview/llviewershadermgr.cpp:3295,out vec4 frag_color; | in vec4 vertex_color;,,lexical global declarations; family contract in shader-contracts.md; permutation parity unmeasured
indra/newview/app_settings/shaders/class1/interface/pathfindingNoNormalV.glsl,29375f92b99524fd98af4b634dfbce3869dd9bbe388f49b37146723264df529e,class1,interface,indra/newview/llviewershadermgr.cpp:3294,uniform mat4 modelview_projection_matrix; | in vec3 position; | in vec4 diffuse_color; | out vec4 vertex_color; | uniform float tint; | uniform float alpha_scale;,,lexical global declarations; family contract in shader-contracts.md; permutation parity unmeasured
indra/newview/app_settings/shaders/class1/interface/pathfindingV.glsl,ab236dc814c151293ac45b646bf857aa896cf9290bb762f43c739cbd0c92fab9,class1,interface,indra/newview/llviewershadermgr.cpp:3284,uniform mat4 modelview_projection_matrix; | in vec3 position; | in vec4 diffuse_color; | in vec3 normal; | out vec4 vertex_color; | uniform float tint; | uniform float ambiance; | uniform float alpha_scale;,,lexical global declarations; family contract in shader-contracts.md; permutation parity unmeasured
indra/newview/app_settings/shaders/class1/interface/pbrTerrainBakeF.glsl,49e18ad5f3dbdb89146cf51fcb9941842a66d4298d873292a2fa966f15daf567,class1,interface,indra/newview/llviewershadermgr.cpp:3537,out vec4 frag_color; | uniform sampler2D alpha_ramp; | in vec4 vary_texcoord0; | in vec4 vary_texcoord1;,,lexical global declarations; family contract in shader-contracts.md; permutation parity unmeasured
indra/newview/app_settings/shaders/class1/interface/pbrTerrainBakeV.glsl,3ef584e9b66836e22b2dc2ed6606771fb7d16c9ba446531fc9e174b0db048e30,class1,interface,indra/newview/llviewershadermgr.cpp:3536,uniform mat4 modelview_projection_matrix; | in vec3 position; | in vec2 texcoord1; | out vec4 vary_texcoord0; | out vec4 vary_texcoord1;,,lexical global declarations; family contract in shader-contracts.md; permutation parity unmeasured
indra/newview/app_settings/shaders/class1/interface/radianceGenF.glsl,b896baa21d67262aa5de0020d848b0404289c725316f58376cff5b1569362799,class1,interface,indra/newview/llviewershadermgr.cpp:3596;indra/newview/llviewershadermgr.cpp:3607,out vec4 frag_color; | uniform samplerCubeArray reflectionProbes; | uniform int sourceIdx; | in vec3 vary_dir; | uniform float mipLevel; | uniform int u_width; | uniform float max_probe_lod; | uniform float probe_strength;,,lexical global declarations; family contract in shader-contracts.md; permutation parity unmeasured
indra/newview/app_settings/shaders/class1/interface/radianceGenV.glsl,2cb3bee988d913bbf6944371943384dc3931d226722ed7dc1827fc5e23ac708d,class1,interface,indra/newview/llviewershadermgr.cpp:3595;indra/newview/llviewershadermgr.cpp:3606,uniform mat4 modelview_matrix; | in vec3 position; | out vec3 vary_dir;,,lexical global declarations; family contract in shader-contracts.md; permutation parity unmeasured
indra/newview/app_settings/shaders/class1/interface/reflectionmipF.glsl,45949f350ed60dfad66f802238669a81ff0b17b59aed0ab28240f53f9076f867,class1,interface,indra/newview/llviewershadermgr.cpp:3572,out vec4 frag_color; | uniform sampler2D diffuseRect; | in vec2 vary_texcoord0;,,lexical global declarations; family contract in shader-contracts.md; permutation parity unmeasured
indra/newview/app_settings/shaders/class1/interface/solidcolorF.glsl,dd18cb6cf1ff697a66b2cdc604e3aabdf327ac658304250a01a0f4ca52ea7485,class1,interface,indra/newview/llviewershadermgr.cpp:3373,out vec4 frag_color; | uniform sampler2D tex0; | uniform vec4 color; | in vec2 vary_texcoord0;,,lexical global declarations; family contract in shader-contracts.md; permutation parity unmeasured
indra/newview/app_settings/shaders/class1/interface/solidcolorV.glsl,8451eba0a5012e2e80e9799e142b3c98b256cbf1d2152e06b46c640c6e11e0dc,class1,interface,indra/newview/llviewershadermgr.cpp:3372,uniform mat4 modelview_projection_matrix; | in vec3 position; | in vec2 texcoord0; | out vec2 vary_texcoord0;,,lexical global declarations; family contract in shader-contracts.md; permutation parity unmeasured
indra/newview/app_settings/shaders/class1/interface/splattexturerectV.glsl,26118606f53fbec484b5b19a6fb26d6f446a0f09aa7c6825eecd8e2ce0dabb9a,class1,interface,indra/newview/llviewershadermgr.cpp:3571;indra/newview/llviewershadermgr.cpp:3585,uniform mat4 modelview_projection_matrix; | in vec3 position; | out vec2 vary_texcoord0;,,lexical global declarations; family contract in shader-contracts.md; permutation parity unmeasured
indra/newview/app_settings/shaders/class1/interface/twotexturecompareF.glsl,0e042ec8bf9db2651bbe10c0b4cbaa641d890a6268d9c80c5a73fe8b9e929601,class1,interface,indra/newview/llviewershadermgr.cpp:3340,out vec4 frag_color; | uniform sampler2D tex0; | uniform sampler2D tex1; | uniform sampler2D dither_tex; | uniform float dither_scale; | uniform float dither_scale_s; | uniform float dither_scale_t; | in vec2 vary_texcoord0; | in vec2 vary_texcoord1;,,lexical global declarations; family contract in shader-contracts.md; permutation parity unmeasured
indra/newview/app_settings/shaders/class1/interface/twotexturecompareV.glsl,eebe8c88e4cf30ad72b739e08b5b260de5247cacdcab2af41079ef7e28ec595e,class1,interface,indra/newview/llviewershadermgr.cpp:3339,uniform mat4 modelview_projection_matrix; | in vec3 position; | in vec2 texcoord0; | in vec2 texcoord1; | out vec2 vary_texcoord0; | out vec2 vary_texcoord1;,,lexical global declarations; family contract in shader-contracts.md; permutation parity unmeasured
indra/newview/app_settings/shaders/class1/interface/uiF.glsl,93cdfc8e6b3b604a1460912ead126ee1833365c2e8796b52089ec593f7df21fe,class1,interface,indra/newview/llviewershadermgr.cpp:3275,out vec4 frag_color; | uniform sampler2D diffuseMap; | in vec2 vary_texcoord0; | in vec4 vertex_color;,,lexical global declarations; family contract in shader-contracts.md; permutation parity unmeasured
indra/newview/app_settings/shaders/class1/interface/uiV.glsl,cd19b4abe04be0b93a238a4b4ebb6df726eb18f23cfd493c0138da760a3eb497,class1,interface,indra/newview/llviewershadermgr.cpp:3274,uniform mat4 texture_matrix0; | uniform mat4 modelview_projection_matrix; | in vec3 position; | in vec4 diffuse_color; | in vec2 texcoord0; | out vec4 vertex_color; | out vec2 vary_texcoord0;,,lexical global declarations; family contract in shader-contracts.md; permutation parity unmeasured
indra/newview/app_settings/shaders/class1/lighting/lightAlphaMaskF.glsl,7805eebf180dbe6717df5e79f175b983d9709357f1a8efac5b4fa81a22fbf468,class1,lighting,indra/llrender/llshadermgr.cpp:334;indra/newview/llviewershadermgr.cpp:910,out vec4 frag_color; | uniform float minimum_alpha; | in vec4 vertex_color; | in vec2 vary_texcoord0;,,lexical global declarations; family contract in shader-contracts.md; permutation parity unmeasured
indra/newview/app_settings/shaders/class1/lighting/lightAlphaMaskNonIndexedF.glsl,49b5b76090189c1662250ebfd17a16e768f46fb24c9b79b263216a7ce1db64a3,class1,lighting,indra/llrender/llshadermgr.cpp:317;indra/newview/llviewershadermgr.cpp:908,out vec4 frag_color; | uniform float minimum_alpha; | uniform sampler2D diffuseMap; | in vec4 vertex_color; | in vec2 vary_texcoord0;,,lexical global declarations; family contract in shader-contracts.md; permutation parity unmeasured
indra/newview/app_settings/shaders/class1/lighting/lightF.glsl,59bd7e7aa2e345f5167a477c1031054d79a588bb37f969849b2554a3f71bef97,class1,lighting,indra/llrender/llshadermgr.cpp:341;indra/newview/llviewershadermgr.cpp:909,out vec4 frag_color; | in vec4 vertex_color; | in vec2 vary_texcoord0;,,lexical global declarations; family contract in shader-contracts.md; permutation parity unmeasured
indra/newview/app_settings/shaders/class1/lighting/lightFuncSpecularV.glsl,72a464542d3f0fab15cecc353e8504bf8779ac3b35eceb0ae762a17713602ea5,class1,lighting,indra/llrender/llshadermgr.cpp:102;indra/newview/llviewershadermgr.cpp:793,,,lexical global declarations; family contract in shader-contracts.md; permutation parity unmeasured
indra/newview/app_settings/shaders/class1/lighting/lightFuncV.glsl,5c44786934dac65597dd397fa1eaeb41227354c960f8ad164a92a29a17a0beb6,class1,lighting,indra/llrender/llshadermgr.cpp:122;indra/newview/llviewershadermgr.cpp:790,,,lexical global declarations; family contract in shader-contracts.md; permutation parity unmeasured
indra/newview/app_settings/shaders/class1/lighting/lightNonIndexedF.glsl,9aa8ac74e20da8155e5c1df9678541c492b5c8abdb56f3a50e2792c4358ea6ca,class1,lighting,indra/llrender/llshadermgr.cpp:324;indra/newview/llviewershadermgr.cpp:907,out vec4 frag_color; | in vec4 vertex_color; | in vec2 vary_texcoord0; | uniform sampler2D diffuseMap;,,lexical global declarations; family contract in shader-contracts.md; permutation parity unmeasured
indra/newview/app_settings/shaders/class1/lighting/lightSpecularV.glsl,62a0312fe771f0f209b7f553fe42a2d4a05695ecbaf1821b1e6ff6995294c698,class1,lighting,indra/llrender/llshadermgr.cpp:115;indra/newview/llviewershadermgr.cpp:795,,,lexical global declarations; family contract in shader-contracts.md; permutation parity unmeasured
indra/newview/app_settings/shaders/class1/lighting/sumLightsSpecularV.glsl,d94b8cf0a1e9453a36a97166e653e3d6209b8456f64bb18aeecd94f57e556a4d,class1,lighting,indra/llrender/llshadermgr.cpp:109;indra/newview/llviewershadermgr.cpp:794,uniform vec4 light_position[8]; | uniform vec3 light_diffuse[8];,,lexical global declarations; family contract in shader-contracts.md; permutation parity unmeasured
indra/newview/app_settings/shaders/class1/lighting/sumLightsV.glsl,e1eeffc1212365cb6d36ace857f37aebd27c95691cdc5071d543fc7bcec036f5,class1,lighting,indra/llrender/llshadermgr.cpp:129;indra/newview/llviewershadermgr.cpp:791,uniform vec4 light_position[8]; | uniform vec3 light_diffuse[8];,,lexical global declarations; family contract in shader-contracts.md; permutation parity unmeasured
indra/newview/app_settings/shaders/class1/objects/bumpF.glsl,09f3e16c61c760af190d60d01aa40582c5c69711f059629b191a11d9821d89cb,class1,objects,indra/newview/llviewershadermgr.cpp:3089,out vec4 frag_color; | uniform sampler2D texture0; | uniform sampler2D texture1; | in vec2 vary_texcoord0; | in vec2 vary_texcoord1; | in vec3 vary_position;,,lexical global declarations; family contract in shader-contracts.md; permutation parity unmeasured
indra/newview/app_settings/shaders/class1/objects/bumpV.glsl,cfc7f3494f0f45ba019002fd8f51296e71a31d01244401851731d2952da52ed7,class1,objects,indra/newview/llviewershadermgr.cpp:3088,uniform mat4 modelview_matrix; | uniform mat4 texture_matrix0; | uniform mat4 modelview_projection_matrix; | in vec3 position; | in vec2 texcoord0; | in vec2 texcoord1; | out vec2 vary_texcoord0; | out vec2 vary_texcoord1; | out vec3 vary_position; | uniform mat4 projection_matrix;,HAS_SKIN,lexical global declarations; family contract in shader-contracts.md; permutation parity unmeasured
indra/newview/app_settings/shaders/class1/objects/impostorF.glsl,0165bd180cdcf3425a29a02ff9cbaf55c6ce79ea0ef62158fab98127b3e0142f,class1,objects,indra/newview/llviewershadermgr.cpp:3128,out vec4 frag_color; | uniform float minimum_alpha; | uniform sampler2D diffuseMap; | in vec2 vary_texcoord0;,,lexical global declarations; family contract in shader-contracts.md; permutation parity unmeasured
indra/newview/app_settings/shaders/class1/objects/impostorV.glsl,5ef722684d3aa40ac504bdfd674c388313c6e46e58d78c0de7a44097b9edae10,class1,objects,indra/newview/llviewershadermgr.cpp:3127,uniform mat4 texture_matrix0; | uniform mat4 modelview_projection_matrix; | in vec3 position; | in vec2 texcoord0; | out vec2 vary_texcoord0;,,lexical global declarations; family contract in shader-contracts.md; permutation parity unmeasured
indra/newview/app_settings/shaders/class1/objects/indexedTextureV.glsl,901ab651ca22bf6de390d0ff492998969669f7f7be96ee50c61fbb316b79a5b6,class1,objects,indra/llrender/llshadermgr.cpp:359;indra/newview/llviewershadermgr.cpp:804,in int texture_index; | flat out int vary_texture_index;,,lexical global declarations; family contract in shader-contracts.md; permutation parity unmeasured
indra/newview/app_settings/shaders/class1/objects/nonindexedTextureV.glsl,0b975424aa71133085ee482e121aca9ee67f12957d7f7ab3191c24cadd0f2083,class1,objects,indra/llrender/llshadermgr.cpp:352;indra/newview/llviewershadermgr.cpp:806,,,lexical global declarations; family contract in shader-contracts.md; permutation parity unmeasured
indra/newview/app_settings/shaders/class1/objects/previewF.glsl,5d96367d694426144d871b30333f5b2d695172c088e07e9e0d1914350a256706,class1,objects,indra/newview/llviewershadermgr.cpp:3138,out vec4 frag_color; | uniform sampler2D diffuseMap; | in vec4 vertex_color; | in vec2 vary_texcoord0;,,lexical global declarations; family contract in shader-contracts.md; permutation parity unmeasured
indra/newview/app_settings/shaders/class1/objects/previewPhysicsF.glsl,fdfb15f329ee11a9e598d3e6b3d25e78ab26b32fbf19092cb144e516a86a5bfb,class1,objects,indra/newview/llviewershadermgr.cpp:3156,out vec4 frag_color; | uniform sampler2D diffuseMap; | uniform vec4 color; | in vec2 vary_texcoord0;,,lexical global declarations; family contract in shader-contracts.md; permutation parity unmeasured
indra/newview/app_settings/shaders/class1/objects/previewPhysicsV.glsl,3a72c081c2804145b3b64515d174469504ded1e5465775d78d529bb33c6e4d25,class1,objects,indra/newview/llviewershadermgr.cpp:3155,uniform mat4 texture_matrix0; | uniform mat4 modelview_matrix; | uniform mat4 modelview_projection_matrix; | in vec3 position; | in vec2 texcoord0; | out vec2 vary_texcoord0;,,lexical global declarations; family contract in shader-contracts.md; permutation parity unmeasured
indra/newview/app_settings/shaders/class1/objects/previewV.glsl,32c74abcc371ec5b2418e73ecc5b9169d1561b7785b60b8ba03a32426ebe750f,class1,objects,indra/newview/llviewershadermgr.cpp:3137,uniform mat3 normal_matrix; | uniform mat4 texture_matrix0; | uniform vec4 ambient_color; | uniform mat4 modelview_projection_matrix; | in vec3 position; | in vec3 normal; | in vec2 texcoord0; | uniform vec4 color; | out vec4 vertex_color; | out vec2 vary_texcoord0; | uniform vec4 light_position[8]; | uniform vec3 light_direction[8]; | uniform vec3 light_attenuation[8]; | uniform vec3 light_diffuse[8]; | uniform mat4 modelview_matrix; | uniform mat4 projection_matrix;,HAS_SKIN,lexical global declarations; family contract in shader-contracts.md; permutation parity unmeasured
indra/newview/app_settings/shaders/class1/objects/simpleColorF.glsl,cf027b6c5ebe3205ea9f8e8738e6f765ee19c3f8d4f7eb59671b75b4e6f2d724,class1,objects,indra/newview/llviewershadermgr.cpp:3518,out vec4 frag_color; | in vec4 vertex_color; | in vec4 vertex_position; | uniform vec4 waterPlane; | uniform float waterSign;,,lexical global declarations; family contract in shader-contracts.md; permutation parity unmeasured
indra/newview/app_settings/shaders/class1/objects/simpleF.glsl,4ba44c4c04c161c251df58ce4260702ee2673a6672ea377304521336a73baa49,class1,objects,indra/newview/llviewershadermgr.cpp:3117,,,lexical global declarations; family contract in shader-contracts.md; permutation parity unmeasured
indra/newview/app_settings/shaders/class1/objects/simpleNoAtmosV.glsl,9ac5fb6b070cdb83f561d01f570c5858d242718809bee9025759d81697d526fd,class1,objects,indra/newview/llviewershadermgr.cpp:3517,uniform mat4 modelview_matrix; | uniform mat4 modelview_projection_matrix; | uniform vec4 color; | in vec3 position; | out vec4 vertex_color; | out vec4 vertex_position;,,lexical global declarations; family contract in shader-contracts.md; permutation parity unmeasured
indra/newview/app_settings/shaders/class1/objects/simpleNoColorV.glsl,648203af6a80760c5d364f2cb494fc7debabf6ae85cbc5d6b328073340896ec5,class1,objects,indra/newview/llviewershadermgr.cpp:3116,uniform mat3 normal_matrix; | uniform mat4 texture_matrix0; | uniform mat4 modelview_matrix; | uniform mat4 modelview_projection_matrix; | uniform vec4 color; | in vec3 position; | in vec3 normal; | in vec2 texcoord0; | out vec4 vertex_color; | out vec2 vary_texcoord0;,,lexical global declarations; family contract in shader-contracts.md; permutation parity unmeasured
indra/newview/app_settings/shaders/class1/post/exoPostBaseV.glsl,e4e6abd7a95e65008d12676afa4bfd295a4fad1dfab19f66e9ac7860e2e8d3eb,class1,post,indra/newview/llviewershadermgr.cpp:1074;indra/newview/llviewershadermgr.cpp:1085,in vec3 position; | in vec2 texcoord0; | out vec2 vary_fragcoord; | uniform vec2 screen_res;,,lexical global declarations; family contract in shader-contracts.md; permutation parity unmeasured
indra/newview/app_settings/shaders/class1/post/exoVignetteF.glsl,336934a223f44b3bb7d35e0120b448f5164ace4963994758ecc7343d8c4a3f1e,class1,post,indra/newview/llviewershadermgr.cpp:1075,out vec4 frag_color; | uniform sampler2D diffuseRect; | uniform vec2 screen_res; | uniform vec3 vignette; | in vec2 vary_fragcoord;,,lexical global declarations; family contract in shader-contracts.md; permutation parity unmeasured
indra/newview/app_settings/shaders/class1/post/snapshotFrameF.glsl,1955d40dc448f13dda186e9ac63f468166f378478d00e6a1d7faa6ab5061f226,class1,post,indra/newview/llviewershadermgr.cpp:1086,out vec4 frag_color; | uniform sampler2D diffuseRect; | uniform vec2 screen_res; | uniform vec4 frame_rect; | uniform vec3 border_color; | uniform float border_thickness; | in vec2 vary_fragcoord;,,lexical global declarations; family contract in shader-contracts.md; permutation parity unmeasured
indra/newview/app_settings/shaders/class1/windlight/atmosphericsF.glsl,7076154bb55a26d817f84c34ddf69349acccd6fb479c5d5f0c7ebb6aef269fc7,class1,windlight,indra/llrender/llshadermgr.cpp:280;indra/newview/llviewershadermgr.cpp:895,uniform float sky_hdr_scale;,,lexical global declarations; family contract in shader-contracts.md; permutation parity unmeasured
indra/newview/app_settings/shaders/class1/windlight/atmosphericsFuncs.glsl,c2a7078956b4ecfbad601468a58019a3ec1e1385d852552a6173cf4b613bc340,class1,windlight,indra/llrender/llshadermgr.cpp:150;indra/llrender/llshadermgr.cpp:276;indra/newview/llviewershadermgr.cpp:796;indra/newview/llviewershadermgr.cpp:894,uniform vec3 lightnorm; | uniform vec3 sunlight_color; | uniform vec3 moonlight_color; | uniform int sun_up_factor; | uniform vec3 ambient_color; | uniform vec3 blue_horizon; | uniform vec3 blue_density; | uniform float haze_horizon; | uniform float haze_density; | uniform float cloud_shadow; | uniform float density_multiplier; | uniform float distance_multiplier; | uniform float max_y; | uniform vec3 glow; | uniform float scene_light_strength; | uniform float sun_moon_glow_factor; | uniform float sky_sunlight_scale; | uniform float sky_ambient_scale; | uniform int classic_mode;,,lexical global declarations; family contract in shader-contracts.md; permutation parity unmeasured
indra/newview/app_settings/shaders/class1/windlight/atmosphericsHelpersF.glsl,519fb1bf197b2259bdbf2da62985741c116155fd71e8f2d181110fdfd613de02,class1,windlight,indra/llrender/llshadermgr.cpp:211;indra/newview/llviewershadermgr.cpp:892,uniform float scene_light_strength;,,lexical global declarations; family contract in shader-contracts.md; permutation parity unmeasured
indra/newview/app_settings/shaders/class1/windlight/atmosphericsHelpersV.glsl,b033abbc5a3e6caf34de70e0e95c748cfd0e04d777075b7f53ab4a9f8763e668,class1,windlight,indra/llrender/llshadermgr.cpp:92;indra/newview/llviewershadermgr.cpp:789,uniform float scene_light_strength;,,lexical global declarations; family contract in shader-contracts.md; permutation parity unmeasured
indra/newview/app_settings/shaders/class1/windlight/atmosphericsV.glsl,c1f2b057433b7e7ec6592d3dc9478550c6fdacc6a9024a906e6a7876a2ec6783,class1,windlight,indra/llrender/llshadermgr.cpp:154;indra/newview/llviewershadermgr.cpp:797,uniform vec3 sun_dir; | uniform vec3 moon_dir; | uniform int sun_up_factor;,,lexical global declarations; family contract in shader-contracts.md; permutation parity unmeasured
indra/newview/app_settings/shaders/class1/windlight/atmosphericsVarsF.glsl,6f25f37b13d6443e645e79b45fef8ddbdcd3faffbf8ccbaad8ff002021781c6c,class1,windlight,indra/llrender/llshadermgr.cpp:203;indra/newview/llviewershadermgr.cpp:891,in vec3 vary_AdditiveColor; | in vec3 vary_AtmosAttenuation;,,lexical global declarations; family contract in shader-contracts.md; permutation parity unmeasured
indra/newview/app_settings/shaders/class1/windlight/atmosphericsVarsV.glsl,944e1ba3a6b041c6af929633edb445ecb861dd2f200db2494a0904014fece724,class1,windlight,indra/llrender/llshadermgr.cpp:84;indra/newview/llviewershadermgr.cpp:788,out vec3 vary_AdditiveColor; | out vec3 vary_AtmosAttenuation;,,lexical global declarations; family contract in shader-contracts.md; permutation parity unmeasured
indra/newview/app_settings/shaders/class1/windlight/gammaF.glsl,bfff3d109bb6e7f1501555c1ddcca71f5b6664082eadc2a3dec1808dc826954d,class1,windlight,indra/llrender/llshadermgr.cpp:268;indra/newview/llviewershadermgr.cpp:893,,,lexical global declarations; family contract in shader-contracts.md; permutation parity unmeasured
indra/newview/app_settings/shaders/class2/deferred/alphaF.glsl,0743a57496ac92e5a3592a9a0fc54495dffca6bfc78c09a7bc0faf8a47492366,class2,deferred,indra/newview/llviewershadermgr.cpp:1824;indra/newview/llviewershadermgr.cpp:1884;indra/newview/llviewershadermgr.cpp:2422,"out vec4 frag_color; | uniform sampler2D alpha_oit_opaque_depth; | uniform int oit_mode; | layout(binding = 0, r32ui) uniform coherent uimage2D oit_head; | layout(std430, binding = 0) buffer OITNodePool { uint oit_nodes[]; }; | layout(binding = 0, offset = 0) uniform atomic_uint oit_counter; | uniform int oit_node_cap; | uniform mat3 env_mat; | uniform vec3 sun_dir; | uniform vec3 moon_dir; | uniform int classic_mode; | uniform sampler2D diffuseMap; | in vec3 vary_fragcoord; | in vec3 vary_position; | in vec2 vary_texcoord0; | in vec3 vary_norm; | in vec4 vertex_color; | uniform float minimum_alpha; | uniform mat4 proj_mat; | uniform mat4 inv_proj; | uniform vec2 screen_res; | uniform int sun_up_factor; | uniform vec4 light_position[8]; | uniform vec3 light_direction[8]; | uniform vec4 light_attenuation[8]; | uniform vec3 light_diffuse[8];",ALPHA_OIT;FOR_IMPOSTOR;HAS_SUN_SHADOW;IS_AVATAR_SKIN;IS_HUD;USE_DIFFUSE_TEX;USE_INDEXED_TEX;USE_VERTEX_COLOR;defined(ALPHA_OIT),lexical global declarations; family contract in shader-contracts.md; permutation parity unmeasured
indra/newview/app_settings/shaders/class2/deferred/pbralphaF.glsl,a606467d6d02acffdc5150a94855e50e58ba61859dce2aa403b70791734dd822,class2,deferred,indra/newview/llviewershadermgr.cpp:1493;indra/newview/llviewershadermgr.cpp:1537,"uniform sampler2D alpha_oit_opaque_depth; | uniform int oit_mode; | layout(binding = 0, r32ui) uniform coherent uimage2D oit_head; | layout(std430, binding = 0) buffer OITNodePool { uint oit_nodes[]; }; | layout(binding = 0, offset = 0) uniform atomic_uint oit_counter; | uniform int oit_node_cap; | uniform sampler2D diffuseMap; | uniform sampler2D bumpMap; | uniform sampler2D emissiveMap; | uniform sampler2D specularMap; | uniform float metallicFactor; | uniform float roughnessFactor; | uniform vec3 emissiveColor; | uniform sampler2D lightMap; | uniform int sun_up_factor; | uniform vec3 sun_dir; | uniform vec3 moon_dir; | uniform int classic_mode; | out vec4 frag_color; | in vec3 vary_fragcoord; | uniform vec2 screen_res; | in vec3 vary_position; | in vec2 base_color_texcoord; | in vec2 normal_texcoord; | in vec2 metallic_roughness_texcoord; | in vec2 emissive_texcoord; | in vec4 vertex_color; | in vec3 vary_normal; | in vec3 vary_tangent; | flat in float vary_sign; | uniform float minimum_alpha; | uniform vec4 light_position[8]; | uniform vec3 light_direction[8]; | uniform vec4 light_attenuation[8]; | uniform vec3 light_diffuse[8]; | uniform vec2 light_deferred_attenuation[8]; | uniform sampler2D diffuseMap; | uniform sampler2D emissiveMap; | uniform vec3 emissiveColor; | out vec4 frag_color; | in vec3 vary_position; | in vec2 base_color_texcoord; | in vec2 emissive_texcoord; | in vec4 vertex_color; | uniform float minimum_alpha;",ALPHA_OIT;HAS_ALPHA_MASK;HAS_SUN_SHADOW;IS_HUD;defined(ALPHA_OIT);defined(HAS_SUN_SHADOW) || defined(HAS_SSAO),lexical global declarations; family contract in shader-contracts.md; permutation parity unmeasured
indra/newview/app_settings/shaders/class2/deferred/reflectionProbeF.glsl,e3deda45d357126896bb8abaf643230b075c238ba35e460a01da7c78e986039a,class2,deferred,indra/llrender/llshadermgr.cpp:252;indra/newview/llviewershadermgr.cpp:905,uniform float reflection_probe_ambiance; | uniform samplerCube environmentMap; | uniform mat3 env_mat;,,lexical global declarations; family contract in shader-contracts.md; permutation parity unmeasured
indra/newview/app_settings/shaders/class2/deferred/softenLightV.glsl,4bf221d03026de7435b1c4e052adee45e475a5e877bd4fb52cd35912325f82e1,class2,deferred,indra/newview/llviewershadermgr.cpp:2149;indra/newview/llviewershadermgr.cpp:2182,in vec3 position; | uniform vec2 screen_res; | out vec2 vary_fragcoord;,,lexical global declarations; family contract in shader-contracts.md; permutation parity unmeasured
indra/newview/app_settings/shaders/class2/deferred/sunLightF.glsl,a5bf4c4f348f775b54901be60e35fa50a90193d006ebbf263a4a5fe40edcfb43,class2,deferred,indra/newview/llviewershadermgr.cpp:1733;indra/newview/llviewershadermgr.cpp:1760,out vec4 frag_color; | in vec2 vary_fragcoord; | uniform vec3 sun_dir; | uniform float shadow_bias;,,lexical global declarations; family contract in shader-contracts.md; permutation parity unmeasured
indra/newview/app_settings/shaders/class2/deferred/sunLightSSAOF.glsl,637beb5c7bf59d282de01017544b581b61c9198b3f92b5ca05f68cc1a581f3d3,class2,deferred,indra/newview/llviewershadermgr.cpp:1729,out vec4 frag_color; | in vec2 vary_fragcoord;,,lexical global declarations; family contract in shader-contracts.md; permutation parity unmeasured
indra/newview/app_settings/shaders/class2/deferred/sunLightV.glsl,ebf147dc5820ddcfe2221da43a11d2ad8ad213ee2307b1abdf5d243f2a6ee82b,class2,deferred,indra/newview/llviewershadermgr.cpp:1742;indra/newview/llviewershadermgr.cpp:1759,in vec3 position; | out vec2 vary_fragcoord; | uniform vec2 screen_res;,,lexical global declarations; family contract in shader-contracts.md; permutation parity unmeasured
indra/newview/app_settings/shaders/class2/interface/irradianceGenF.glsl,71d14ceda80d3fb6de05e82b8937ff59107aaa5dcd1db853b55fdeb40c51c458,class2,interface,indra/newview/llviewershadermgr.cpp:3619,out vec4 frag_color; | uniform samplerCubeArray reflectionProbes; | uniform int sourceIdx; | uniform float max_probe_lod; | in vec3 vary_dir;,,lexical global declarations; family contract in shader-contracts.md; permutation parity unmeasured
indra/newview/app_settings/shaders/class2/interface/reflectionprobeF.glsl,52f18887f773dbbc50a4df94dca72e6f2f62d89df818488f6a179393d37faa97,class2,interface,indra/newview/llviewershadermgr.cpp:3486,out vec4 frag_color; | in vec2 vary_fragcoord;,,lexical global declarations; family contract in shader-contracts.md; permutation parity unmeasured
indra/newview/app_settings/shaders/class2/interface/reflectionprobeV.glsl,3b5722836989e9e9c45e31de232c6228a095888ec2dbdab0a288be0a83428c97,class2,interface,indra/newview/llviewershadermgr.cpp:3485,in vec3 position; | out vec2 vary_fragcoord;,,lexical global declarations; family contract in shader-contracts.md; permutation parity unmeasured
indra/newview/app_settings/shaders/class3/deferred/fullbrightShinyF.glsl,6ee57a5bf436904c98ae51e51f5fd9f4cc6e3e32306064d061862679ce5d9bee,class3,deferred,indra/newview/llviewershadermgr.cpp:2082;indra/newview/llviewershadermgr.cpp:2103,out vec4 frag_color; | uniform sampler2D diffuseMap; | in vec4 vertex_color; | in vec2 vary_texcoord0; | in vec3 vary_texcoord1; | in vec3 vary_position; | uniform samplerCube environmentMap;,HAS_DIFFUSE_LOOKUP;IS_HUD,lexical global declarations; family contract in shader-contracts.md; permutation parity unmeasured
indra/newview/app_settings/shaders/class3/deferred/hazeF.glsl,29847931a7e2f58c470268ebf9889e4cffe6b06ee4ff6272497918baea877f99,class3,deferred,indra/newview/llviewershadermgr.cpp:2183,out vec4 frag_color; | uniform vec3 sun_dir; | uniform vec3 moon_dir; | uniform int sun_up_factor; | in vec2 vary_fragcoord; | uniform vec4 waterPlane; | uniform int cube_snapshot; | uniform float sky_hdr_scale;,,lexical global declarations; family contract in shader-contracts.md; permutation parity unmeasured
indra/newview/app_settings/shaders/class3/deferred/materialF.glsl,505c977a0805716a78928d56d99892e0062cf73da40aa7a83b650648a255831e,class3,deferred,indra/newview/llviewershadermgr.cpp:1325,"uniform sampler2D alpha_oit_opaque_depth; | uniform int oit_mode; | layout(binding = 0, r32ui) uniform coherent uimage2D oit_head; | layout(std430, binding = 0) buffer OITNodePool { uint oit_nodes[]; }; | layout(binding = 0, offset = 0) uniform atomic_uint oit_counter; | uniform int oit_node_cap; | uniform float emissive_brightness; | uniform int sun_up_factor; | uniform int classic_mode; | uniform mat4 modelview_matrix; | uniform mat3 normal_matrix; | in vec3 vary_position; | out vec4 frag_color; | uniform samplerCube environmentMap; | uniform sampler2D lightFunc; | uniform vec4 morphFactor; | uniform vec3 camPosLocal; | uniform mat3 env_mat; | uniform float is_mirror; | uniform vec3 sun_dir; | uniform vec3 moon_dir; | uniform mat4 proj_mat; | uniform mat4 inv_proj; | uniform vec2 screen_res; | uniform vec4 light_position[8]; | uniform vec3 light_direction[8]; | uniform vec4 light_attenuation[8]; | uniform vec3 light_diffuse[8]; | out vec4 frag_data[4]; | uniform sampler2D diffuseMap; | uniform sampler2D bumpMap; | uniform sampler2D specularMap; | in vec2 vary_texcoord2; | uniform float env_intensity; | uniform vec4 specular_color; | uniform float minimum_alpha; | in vec3 vary_normal; | in vec3 vary_tangent; | flat in float vary_sign; | in vec2 vary_texcoord1; | in vec3 vary_normal; | in vec4 vertex_color; | in vec2 vary_texcoord0;",(DIFFUSE_ALPHA_MODE != DIFFUSE_ALPHA_MODE_EMISSIVE);(DIFFUSE_ALPHA_MODE == DIFFUSE_ALPHA_MODE_BLEND);(DIFFUSE_ALPHA_MODE == DIFFUSE_ALPHA_MODE_MASK);ALPHA_OIT;HAS_NORMAL_MAP;HAS_SPECULAR_MAP;HAS_SUN_SHADOW;defined(ALPHA_OIT);defined(HAS_EMISSIVE),lexical global declarations; family contract in shader-contracts.md; permutation parity unmeasured
indra/newview/app_settings/shaders/class3/deferred/multiPointLightF.glsl,d9b4b100cc3e34390808aebaaf437eaaa86b1744af0b63085d4b6805c59d96bf,class3,deferred,indra/newview/llviewershadermgr.cpp:1671,out vec4 frag_color; | uniform sampler2D lightFunc; | uniform vec3 env_mat[3]; | uniform float sun_wash; | uniform int light_count; | uniform vec4 light[LIGHT_COUNT]; | uniform vec4 light_col[LIGHT_COUNT]; | uniform vec2 screen_res; | uniform float far_z; | uniform mat4 inv_proj; | uniform int classic_mode; | in vec4 vary_fragcoord;,IS_AMD_CARD,lexical global declarations; family contract in shader-contracts.md; permutation parity unmeasured
indra/newview/app_settings/shaders/class3/deferred/multiPointLightV.glsl,e4fdc38f1fb6b7185e89b5ecd6d7391864e941a8031d4e26a25dcdf77e96ec1c,class3,deferred,indra/newview/llviewershadermgr.cpp:1670;indra/newview/llviewershadermgr.cpp:1713,in vec3 position; | out vec4 vary_fragcoord;,,lexical global declarations; family contract in shader-contracts.md; permutation parity unmeasured
indra/newview/app_settings/shaders/class3/deferred/pointLightF.glsl,a49b14fa107bdae1a88f4921d6a21a0d09c05dd50517fff39013c0fee8b3bbab,class3,deferred,indra/newview/llviewershadermgr.cpp:1647,out vec4 frag_color; | uniform sampler2D lightFunc; | uniform vec3 env_mat[3]; | uniform float sun_wash; | uniform vec3 color; | uniform float falloff; | uniform float size; | in vec4 vary_fragcoord; | in vec3 trans_center; | uniform vec2 screen_res; | uniform mat4 inv_proj; | uniform vec4 viewport; | uniform int classic_mode;,,lexical global declarations; family contract in shader-contracts.md; permutation parity unmeasured
indra/newview/app_settings/shaders/class3/deferred/pointLightV.glsl,c34341da34b532540af5884919de46a6b3d9aca3ec00366108dc4848ed79c726,class3,deferred,indra/newview/llviewershadermgr.cpp:1646;indra/newview/llviewershadermgr.cpp:1692,uniform mat4 modelview_projection_matrix; | uniform mat4 modelview_matrix; | in vec3 position; | uniform vec3 center; | uniform float size; | out vec4 vary_fragcoord; | out vec3 trans_center;,,lexical global declarations; family contract in shader-contracts.md; permutation parity unmeasured
indra/newview/app_settings/shaders/class3/deferred/reflectionProbeF.glsl,0df0a3f2e24788232f29925645b80ec1324cd49268935db7109826efb0eac81c,class3,deferred,indra/llrender/llshadermgr.cpp:252;indra/newview/llviewershadermgr.cpp:905,uniform samplerCubeArray reflectionProbes; | uniform samplerCubeArray irradianceProbes; | uniform sampler2D sceneMap; | uniform int cube_snapshot; | uniform float max_probe_lod; | uniform bool transparent_surface; | uniform int classic_mode; | layout (std140) uniform ReflectionProbes { mat4 refBox[MAX_REFMAP_COUNT]; mat4 heroBox; vec4 refSphere[MAX_REFMAP_COUNT]; vec4 refParams[MAX_REFMAP_COUNT]; vec4 heroSphere; ivec4 refIndex[MAX_REFMAP_COUNT]; ivec4 refNeighbor[1024]; ivec4 refBucket[256]; int refmapCount; int heroShape; int heroMipCount; int heroProbeCount; }; | uniform mat3 env_mat; | uniform vec4 clipPlane; | uniform samplerCubeArray heroProbes;,0;1;REFMAP_LEVEL > 0;defined(HERO_PROBES);defined(SSR),lexical global declarations; family contract in shader-contracts.md; permutation parity unmeasured
indra/newview/app_settings/shaders/class3/deferred/screenSpaceReflPostF.glsl,beef69fd1e3447648eedb83b280fd06f0c2dddacca44dc4c73fa8cf76f7a0a44,class3,deferred,indra/newview/llviewershadermgr.cpp:3025,out vec4 frag_color; | uniform vec2 screen_res; | uniform mat4 projection_matrix; | uniform mat4 inv_proj; | uniform float zNear; | uniform float zFar; | in vec2 vary_fragcoord; | in vec3 camera_ray; | uniform sampler2D specularRect; | uniform sampler2D diffuseRect; | uniform sampler2D diffuseMap;,,lexical global declarations; family contract in shader-contracts.md; permutation parity unmeasured
indra/newview/app_settings/shaders/class3/deferred/screenSpaceReflPostV.glsl,fa227779f9907180c8d899d6cb2088c01ea158bac373acee7db8671fb823c98e,class3,deferred,indra/newview/llviewershadermgr.cpp:3024,uniform mat4 projection_matrix; | uniform mat4 inv_proj; | in vec3 position; | uniform vec2 screen_res; | out vec2 vary_fragcoord; | out vec3 camera_ray;,,lexical global declarations; family contract in shader-contracts.md; permutation parity unmeasured
indra/newview/app_settings/shaders/class3/deferred/screenSpaceReflUtil.glsl,c1d025efd9418a7a4f3e729c0f0cdd81874909b3f38c89e137913072f45b60ee,class3,deferred,indra/llrender/llshadermgr.cpp:236;indra/newview/llviewershadermgr.cpp:906,"uniform sampler2D sceneMap; | uniform sampler2D sceneDepth; | uniform vec2 screen_res; | uniform mat4 projection_matrix; | uniform mat4 inv_proj; | uniform mat4 modelview_delta; | uniform mat4 inv_modelview_delta; | uniform float iterationCount; | uniform float rayStep; | uniform float distanceBias; | uniform float depthRejectBias; | uniform float glossySampleCount; | uniform float adaptiveStepMultiplier; | uniform float noiseSine; | uniform vec3 POISSON3D_SAMPLES[128] = vec3[128]( vec3(0.5433144, 0.1122154, 0.2501391), vec3(0.6575254, 0.721409, 0.16286), vec3(0.02888453, 0.05170321, 0.7573566), vec3(0.06635678, 0.8286457, 0.07157445), vec3(0.8957489, 0.4005505, 0.7916042), vec3(0.3423355, 0.5053263, 0.9193521), vec3(0.9694794, 0.9461077, 0.5406441), vec3(0.9975473, 0.02789414, 0.7320132), vec3(0.07781899, 0.3862341, 0.918594), vec3(0.4439073, 0.9686955, 0.4055861), vec3(0.9657035, 0.6624081, 0.7082613), vec3(0.7712346, 0.07273269, 0.3292839), vec3(0.2489169, 0.2550394, 0.1950516), vec3(0.7249326, 0.9328285, 0.3352458), vec3(0.6028461, 0.4424961, 0.5393377), vec3(0.2879795, 0.7427881, 0.6619173), vec3(0.3193627, 0.0486145, 0.08109283), vec3(0.1233155, 0.602641, 0.4378719), vec3(0.9800708, 0.211729, 0.6771586), vec3(0.4894537, 0.3319927, 0.8087631), vec3(0.4802743, 0.6358885, 0.814935), vec3(0.2692913, 0.9911493, 0.9934899), vec3(0.5648789, 0.8553897, 0.7784553), vec3(0.8497344, 0.7870212, 0.02065313), vec3(0.7503014, 0.2826185, 0.05412734), vec3(0.8045461, 0.6167251, 0.9532926), vec3(0.04225039, 0.2141281, 0.8678675), vec3(0.07116079, 0.9971236, 0.3396397), vec3(0.464099, 0.480959, 0.2775862), vec3(0.6346927, 0.31871, 0.6588384), vec3(0.449012, 0.8189669, 0.2736875), vec3(0.452929, 0.2119148, 0.672004), vec3(0.01506042, 0.7102436, 0.9800494), vec3(0.1970513, 0.4713539, 0.4644522), vec3(0.13715, 0.7253224, 0.5056525), vec3(0.9006432, 0.5335414, 0.02206874), vec3(0.9960898, 0.7961011, 0.01468861), vec3(0.3386469, 0.6337739, 0.9310676), vec3(0.1745718, 0.9114985, 0.1728188), vec3(0.6342545, 0.5721557, 0.4553517), vec3(0.1347412, 0.1137158, 0.7793725), vec3(0.3574478, 0.3448052, 0.08741581), vec3(0.7283059, 0.4753885, 0.2240275), vec3(0.8293507, 0.9971212, 0.2747005), vec3(0.6501846, 0.000688076, 0.7795712), vec3(0.01149416, 0.4930083, 0.792608), vec3(0.666189, 0.1875442, 0.7256873), vec3(0.8538797, 0.2107637, 0.1547532), vec3(0.5826825, 0.9750752, 0.9105834), vec3(0.8914346, 0.08266425, 0.5484225), vec3(0.4374518, 0.02987111, 0.7810078), vec3(0.2287418, 0.1443802, 0.1176908), vec3(0.2671157, 0.8929081, 0.8989366), vec3(0.5425819, 0.5524959, 0.6963879), vec3(0.3515188, 0.8304397, 0.0502702), vec3(0.3354864, 0.2130747, 0.141169), vec3(0.9729427, 0.3509927, 0.6098799), vec3(0.7585629, 0.7115368, 0.9099342), vec3(0.0140543, 0.6072157, 0.9436461), vec3(0.9190664, 0.8497264, 0.1643751), vec3(0.1538157, 0.3219983, 0.2984214), vec3(0.8854713, 0.2968667, 0.8511457), vec3(0.1910622, 0.03047311, 0.3571215), vec3(0.2456353, 0.5568692, 0.3530164), vec3(0.6927255, 0.8073994, 0.5808484), vec3(0.8089353, 0.8969175, 0.3427134), vec3(0.194477, 0.7985603, 0.8712182), vec3(0.7256182, 0.5653068, 0.3985921), vec3(0.9889427, 0.4584851, 0.8363391), vec3(0.5718582, 0.2127113, 0.2950557), vec3(0.5480209, 0.0193435, 0.2992659), vec3(0.6598953, 0.09478426, 0.92187), vec3(0.1385615, 0.2193868, 0.205245), vec3(0.7623423, 0.1790726, 0.1508465), vec3(0.7569032, 0.3773386, 0.4393887), vec3(0.5842971, 0.6538072, 0.5224424), vec3(0.9954313, 0.5763943, 0.9169143), vec3(0.001311183, 0.340363, 0.1488652), vec3(0.8167927, 0.4947158, 0.4454727), vec3(0.3978434, 0.7106082, 0.002727509), vec3(0.5459411, 0.7473233, 0.7062873), vec3(0.4151598, 0.5614617, 0.4748358), vec3(0.4440694, 0.1195122, 0.9624678), vec3(0.1081301, 0.4813806, 0.07047641), vec3(0.2402785, 0.3633997, 0.3898734), vec3(0.2317942, 0.6488295, 0.4221864), vec3(0.01145542, 0.9304277, 0.4105759), vec3(0.3563728, 0.9228861, 0.3282344), vec3(0.855314, 0.6949819, 0.3175117), vec3(0.730832, 0.01478493, 0.5728671), vec3(0.9304829, 0.02653277, 0.712552), vec3(0.4132186, 0.4127623, 0.6084146), vec3(0.7517329, 0.9978395, 0.1330464), vec3(0.5210338, 0.4318751, 0.9721575), vec3(0.02953994, 0.1375937, 0.9458942), vec3(0.1835506, 0.9896691, 0.7919457), vec3(0.3857062, 0.2682322, 0.1264563), vec3(0.6319699, 0.8735335, 0.04390657), vec3(0.5630485, 0.3339024, 0.993995), vec3(0.90701, 0.1512893, 0.8970422), vec3(0.3027443, 0.1144253, 0.1488708), vec3(0.9149003, 0.7382028, 0.7914025), vec3(0.07979286, 0.6892691, 0.2866171), vec3(0.7743186, 0.8046008, 0.4399814), vec3(0.3128662, 0.4362317, 0.6030678), vec3(0.1133721, 0.01605821, 0.391872), vec3(0.5185481, 0.9210006, 0.7889017), vec3(0.8217013, 0.325305, 0.1668191), vec3(0.8358996, 0.1449739, 0.3668382), vec3(0.1778213, 0.5599256, 0.1327691), vec3(0.06690693, 0.5508637, 0.07212365), vec3(0.9750564, 0.284066, 0.5727578), vec3(0.4350255, 0.8949825, 0.03574753), vec3(0.8931149, 0.9177974, 0.8123496), vec3(0.9055127, 0.989903, 0.813235), vec3(0.2897243, 0.3123978, 0.5083504), vec3(0.1519223, 0.3958645, 0.2640327), vec3(0.6840154, 0.6463035, 0.2346607), vec3(0.986473, 0.8714055, 0.3960275), vec3(0.6819352, 0.4169535, 0.8379834), vec3(0.9147297, 0.6144146, 0.7313942), vec3(0.6554981, 0.5014008, 0.9748477), vec3(0.9805915, 0.1318207, 0.2371372), vec3(0.5980836, 0.06796348, 0.9941338), vec3(0.6836596, 0.9917196, 0.2319056), vec3(0.5276511, 0.2745509, 0.5422578), vec3(0.829482, 0.03758276, 0.1240466), vec3(0.2698198, 0.0002266169, 0.3449324) );",TRANSPARENT_SURFACE,lexical global declarations; family contract in shader-contracts.md; permutation parity unmeasured
indra/newview/app_settings/shaders/class3/deferred/softenLightF.glsl,f39255476b221770df98656166ea8017d02e861246b375cd32df13a498e6cb23,class3,deferred,indra/newview/llviewershadermgr.cpp:2150,out vec4 frag_color; | uniform sampler2D lightMap; | uniform sampler2D lightFunc; | uniform float blur_size; | uniform float blur_fidelity; | uniform float ssao_irradiance_scale; | uniform float ssao_irradiance_max; | uniform vec4 clipPlane; | uniform mat3 env_mat; | uniform mat3 ssao_effect_mat; | uniform vec3 sun_dir; | uniform vec3 moon_dir; | uniform int sun_up_factor; | uniform int classic_mode; | in vec2 vary_fragcoord; | uniform mat4 inv_proj; | uniform vec2 screen_res; | uniform vec4 waterPlane; | uniform int cube_snapshot; | uniform float sky_hdr_scale;,defined(HAS_EMISSIVE);defined(HAS_SSAO);defined(HAS_SUN_SHADOW);defined(HAS_SUN_SHADOW) || defined(HAS_SSAO),lexical global declarations; family contract in shader-contracts.md; permutation parity unmeasured
indra/newview/app_settings/shaders/class3/deferred/spotLightF.glsl,abc46a89c1038b7f4a664996dd4e8862420bbd927c79aaa7028e02390e19d226,class3,deferred,indra/newview/llviewershadermgr.cpp:1693;indra/newview/llviewershadermgr.cpp:1714,out vec4 frag_color; | uniform samplerCube environmentMap; | uniform sampler2D lightMap; | uniform sampler2D lightFunc; | uniform mat4 proj_mat; | uniform float proj_near; | uniform vec3 proj_p; | uniform vec3 proj_n; | uniform float proj_focus; | uniform float proj_lod; | uniform float proj_range; | uniform float proj_ambient_lod; | uniform float proj_ambiance; | uniform float near_clip; | uniform float far_clip; | uniform vec3 proj_origin; | uniform float sun_wash; | uniform int proj_shadow_idx; | uniform float shadow_fade; | uniform int classic_mode; | uniform vec3 center; | in vec3 trans_center; | uniform float size; | uniform vec3 color; | uniform float falloff; | in vec4 vary_fragcoord; | uniform vec2 screen_res; | uniform mat4 inv_proj;,defined(MULTI_SPOTLIGHT),lexical global declarations; family contract in shader-contracts.md; permutation parity unmeasured
indra/newview/app_settings/shaders/class3/deferred/waterHazeF.glsl,cede595cd4095a7104530d231a5a830576818cf868de943e528ff8860520a871,class3,deferred,indra/newview/llviewershadermgr.cpp:2209,out vec4 frag_color; | in vec4 vary_fragcoord; | uniform int above_water; | uniform sampler2D exclusionTex;,,lexical global declarations; family contract in shader-contracts.md; permutation parity unmeasured
indra/newview/app_settings/shaders/class3/deferred/waterHazeV.glsl,451e87d506ff0bbc807717190297d4ff3fa9feec2aa9ab50e578a9bdef88f166,class3,deferred,indra/newview/llviewershadermgr.cpp:2208,in vec3 position; | uniform vec2 screen_res; | out vec4 vary_fragcoord; | uniform vec4 waterPlane; | uniform int above_water; | uniform mat4 modelview_projection_matrix;,,lexical global declarations; family contract in shader-contracts.md; permutation parity unmeasured
indra/newview/app_settings/shaders/class3/environment/underWaterF.glsl,5327aeaf5ac8c1f29c0700ecab02442b839f4472d248b45a24433f27ef35632e,class3,environment,indra/newview/llviewershadermgr.cpp:980,out vec4 frag_color; | uniform sampler2D bumpMap; | uniform sampler2D exclusionTex; | uniform sampler2D screenTex; | uniform vec4 fogCol; | uniform vec3 lightDir; | uniform vec3 specular; | uniform float lightExp; | uniform vec2 fbScale; | uniform float refScale; | uniform float znear; | uniform float zfar; | uniform float kd; | uniform vec4 waterPlane; | uniform vec3 eyeVec; | uniform vec4 waterFogColor; | uniform vec3 waterFogColorLinear; | uniform float waterFogKS; | uniform vec2 screenRes; | in vec4 refCoord; | in vec4 littleWave; | in vec4 view; | in vec3 vary_position;,TRANSPARENT_WATER,lexical global declarations; family contract in shader-contracts.md; permutation parity unmeasured
indra/newview/app_settings/shaders/class3/environment/waterF.glsl,685c777c99cff07980bab7d5e6d03c90760f60cad97557906cd8fe51bc2c348c,class3,environment,indra/newview/llviewershadermgr.cpp:954,out vec4 frag_color; | uniform sampler2D bumpMap; | uniform sampler2D bumpMap2; | uniform float blend_factor; | uniform sampler2D screenTex; | uniform sampler2D depthMap; | uniform sampler2D exclusionTex; | uniform int classic_mode; | uniform vec3 lightDir; | uniform vec3 specular; | uniform float blurMultiplier; | uniform float refScale; | uniform float kd; | uniform vec3 normScale; | uniform float fresnelScale; | uniform float fresnelOffset; | in vec4 refCoord; | in vec4 littleWave; | in vec4 view; | in vec3 vary_position; | in vec3 vary_normal; | in vec3 vary_tangent; | in vec3 vary_light_dir;,HAS_SUN_SHADOW;SHORELINE_FADE;TRANSPARENT_WATER;WATER_MINIMAL;WATER_MINIMAL_PLUS,lexical global declarations; family contract in shader-contracts.md; permutation parity unmeasured
indra/newview/app_settings/shaders/class3/lighting/lightV.glsl,68b5a1cf81dd207cf6c522d2c16cc85a28138c04ec2ede630a70739d42b4e176,class3,lighting,indra/llrender/llshadermgr.cpp:135;indra/newview/llviewershadermgr.cpp:792,,,lexical global declarations; family contract in shader-contracts.md; permutation parity unmeasured
indra/newview/app_settings/shaders/class3/lighting/sumLightsSpecularV.glsl,00685342307943a23039460703e4a6cf7fd4db3941a77b995f366cfa2e1a2500,class3,lighting,indra/llrender/llshadermgr.cpp:109;indra/newview/llviewershadermgr.cpp:794,uniform vec4 light_position[8]; | uniform vec4 light_attenuation[8]; | uniform vec3 light_diffuse[8];,,lexical global declarations; family contract in shader-contracts.md; permutation parity unmeasured
indra/newview/app_settings/shaders/errorF.glsl,654a3c065b1f784d468bacf8fdd01d3b392637ecb4dbcd7215114a42861fa72f,shared,shared-header,,out vec4 frag_color;,,lexical global declarations; family contract in shader-contracts.md; permutation parity unmeasured
indra/newview/app_settings/shaders/errorV.glsl,f97df05c372db44b4cd9078aa3bcac4ac3b15a3964975a016dd40e3fdc3cec61,shared,shared-header,,uniform mat4 modelview_projection_matrix; | in vec3 position;,,lexical global declarations; family contract in shader-contracts.md; permutation parity unmeasured
